<?xml version="1.0" encoding="utf-8" standalone="yes"?>
<rss version="2.0" xmlns:atom="http://www.w3.org/2005/Atom">
  <channel>
    <title>A Spoonful of Hugo on Hugo Apéro</title>
    <link>/blog/spoonful-series/</link>
    <description>Recent content in A Spoonful of Hugo on Hugo Apéro</description>
    <generator>Hugo -- gohugo.io</generator>
    <language>en</language>
    <lastBuildDate>Sun, 03 Jan 2021 00:00:00 +0000</lastBuildDate><atom:link href="/blog/spoonful-series/index.xml" rel="self" type="application/rss+xml" />
    <item>
      <title>A first post</title>
      <link>/blog/spoonful-series/01-spoonful/</link>
      <pubDate>Fri, 01 Jan 2021 00:00:00 +0000</pubDate>
      
      <guid>/blog/spoonful-series/01-spoonful/</guid>
      <description>Hi, I&#39;m the here-bot cat! Use me to find your way in your website.
Here I am: content/blog\spoonful-series\01-spoonful.md  To remove me, delete this line inside that file: {{&amp;lt; here &amp;gt;}}
My content section is: blog  My layout is: single-series   does this work?     or this?      Let&amp;rsquo;s start.
beginning     middle     end     </description>
    </item>
    
    <item>
      <title>A second post</title>
      <link>/blog/spoonful-series/02-spoonful/</link>
      <pubDate>Sat, 02 Jan 2021 00:00:00 +0000</pubDate>
      
      <guid>/blog/spoonful-series/02-spoonful/</guid>
      <description>Hi, I&#39;m the here-bot cat! Use me to find your way in your website.
Here I am: content/blog\spoonful-series\02-spoonful\index.md  To remove me, delete this line inside that file: {{&amp;lt; here &amp;gt;}}
My content section is: blog  My layout is: single-series  Images in this page bundle: /blog/spoonful-series/02-spoonful/sidebar-inverse.jpg   part 2!     does this work?      now for some very cool things     more     get ready!</description>
    </item>
    
    <item>
      <title>A third post</title>
      <link>/blog/spoonful-series/03-spoonful/</link>
      <pubDate>Sun, 03 Jan 2021 00:00:00 +0000</pubDate>
      
      <guid>/blog/spoonful-series/03-spoonful/</guid>
      <description>Hi, I&#39;m the here-bot cat! Use me to find your way in your website.
Here I am: content/blog\spoonful-series\03-spoonful\index.markdown  Here is my R Markdown source file: blog\spoonful-series\03-spoonful\index.Rmarkdown You&#39;ll want to edit this file, then re-knit to see the changes take effect in your site preview.
 To remove me, delete this line inside that file: {{&amp;lt; here &amp;gt;}}
My content section is: blog  My layout is: single-series  Images in this page bundle: /blog/spoonful-series/03-spoonful/featured-photo.</description>
    </item>
    
  </channel>
</rss>
