<?xml version="1.0" encoding="utf-8" standalone="yes"?>
<rss version="2.0" xmlns:atom="http://www.w3.org/2005/Atom">
  <channel>
    <title>Publications on Erick C. Jones Jr.</title>
    <link>/publication/</link>
    <description>Recent content in Publications on Erick C. Jones Jr.</description>
    <generator>Hugo -- gohugo.io</generator>
    <language>en</language>
    <lastBuildDate>Tue, 05 Jul 2022 00:00:00 +0000</lastBuildDate><atom:link href="/publication/index.xml" rel="self" type="application/rss+xml" />
    <item>
      <title>Energy and Emissions Savings</title>
      <link>/publication/energy-and-emissions-savings-potential-of-renewable-thermal-technologies-in-houston-texas/</link>
      <pubDate>Tue, 05 Jul 2022 00:00:00 +0000</pubDate>
      
      <guid>/publication/energy-and-emissions-savings-potential-of-renewable-thermal-technologies-in-houston-texas/</guid>
      <description>Energy and Emissions Savings Potential of Renewable Thermal Technologies in Houston, Texas</description>
    </item>
    
    <item>
      <title>Living Experiences of Winter</title>
      <link>/publication/living-experiences-of-winter/</link>
      <pubDate>Mon, 15 Nov 2021 00:00:00 +0000</pubDate>
      
      <guid>/publication/living-experiences-of-winter/</guid>
      <description>Lived Experiences of Winter Storm Uri Presentation at 2021 BECC Conference</description>
    </item>
    
    <item>
      <title>Climate risk management in agriculture using alternative electricity and water resources - a stochastic programming framework</title>
      <link>/publication/climate-risk-management-in-agriculture-using-alternative-electricity-and-water-resources_-a-stochastic-programming-framework/</link>
      <pubDate>Thu, 21 Oct 2021 00:00:00 +0000</pubDate>
      
      <guid>/publication/climate-risk-management-in-agriculture-using-alternative-electricity-and-water-resources_-a-stochastic-programming-framework/</guid>
      <description>The insights from this framework can help agricultural decision makers determine how to address climate uncertainty, water scarcity, and to a limited degree weather variability via investments in alternative water and electricity resources that can help improve resilience and fortify profits.</description>
    </item>
    
    <item>
      <title>A New Approach to Developing Community Solar Projects for LMI Communities in ERCOT&#39;s Competitive Electricity Markets</title>
      <link>/publication/a-new-approach-to-developing-community-solar-projects-for-lmi-communities-in-ercots-competitive-electricity-markets/</link>
      <pubDate>Tue, 19 Oct 2021 00:00:00 +0000</pubDate>
      
      <guid>/publication/a-new-approach-to-developing-community-solar-projects-for-lmi-communities-in-ercots-competitive-electricity-markets/</guid>
      <description>Discussed a new community solar (CS) model that focuses on increasing under resourced, underrepresented and LMI income communities&amp;rsquo; access to clean energy technologies while reducing their high energy burdens in the process in the competitive ERCOT electricity markets in Texas.</description>
    </item>
    
    <item>
      <title>Understanding the Last Mile Transportation Concept Impacting Underserved Global Communities to Save Lives During COVID-19 Pandemic</title>
      <link>/publication/understanding-the-last-mile-transportation-concept-impacting-underserved-global-communities-to-save-lives-during-covid-19-pandemic/</link>
      <pubDate>Thu, 23 Sep 2021 00:00:00 +0000</pubDate>
      
      <guid>/publication/understanding-the-last-mile-transportation-concept-impacting-underserved-global-communities-to-save-lives-during-covid-19-pandemic/</guid>
      <description>This paper is based on a National Science Foundation funded grant to work on investigating supply chain strategies that would minimize the impact on underserved populations during pandemic</description>
    </item>
    
    <item>
      <title>Designing multi-phased CO2 capture and storage infrastructure deployments</title>
      <link>/publication/designing-multi-phased-co-capture-and-storage-infrastructure-deployments/</link>
      <pubDate>Sun, 01 Aug 2021 00:00:00 +0000</pubDate>
      
      <guid>/publication/designing-multi-phased-co-capture-and-storage-infrastructure-deployments/</guid>
      <description>We demonstrated the efficacy of our approach with theoretical analysis and an evaluation using real CCS infrastructure data.</description>
    </item>
    
    <item>
      <title>When the Lone Star Froze Over</title>
      <link>/publication/when-the-lone-star-froze/</link>
      <pubDate>Fri, 23 Jul 2021 00:00:00 +0000</pubDate>
      
      <guid>/publication/when-the-lone-star-froze/</guid>
      <description>Winter Storm Uri and the lived experiences of Texas low-income communities</description>
    </item>
    
    <item>
      <title>Multi-system optimization - intermittent production, flexible demand, emerging technologies</title>
      <link>/publication/multi-system-optimization-_-intermittent-production-flexible-demand-emerging-technologies/</link>
      <pubDate>Thu, 15 Jul 2021 00:00:00 +0000</pubDate>
      
      <guid>/publication/multi-system-optimization-_-intermittent-production-flexible-demand-emerging-technologies/</guid>
      <description>Offers insights on how a multi-system framework can improve emerging technology adoption, reduce GHG emissions, and/or lower individual costs.</description>
    </item>
    
    <item>
      <title>Impacting at Risk Communities using AI to optimize the COVID-19 Pandemic Therapeutics Supply Chain</title>
      <link>/publication/impacting-at-risk-communities-using-ai-to-optimize-the-covid-19-pandemic-therapeutics-supply-chain/</link>
      <pubDate>Mon, 07 Sep 2020 00:00:00 +0000</pubDate>
      
      <guid>/publication/impacting-at-risk-communities-using-ai-to-optimize-the-covid-19-pandemic-therapeutics-supply-chain/</guid>
      <description>Creates a COVID-19 supply chain for the city of Houston</description>
    </item>
    
    <item>
      <title>Decomposing Systems  Illustrating the Utility of Distributed Energy Resources with Decomposition Techniques</title>
      <link>/publication/illustrating-the-utility-of-distributed-energy-resources-with-decomposition-techniques/</link>
      <pubDate>Mon, 31 Aug 2020 00:00:00 +0000</pubDate>
      
      <guid>/publication/illustrating-the-utility-of-distributed-energy-resources-with-decomposition-techniques/</guid>
      <description>How distributed energy resources affect the grid solved with decomposition techniques.</description>
    </item>
    
    <item>
      <title>Pathways for Reducing Energy Burdens in Harris County</title>
      <link>/publication/pathways-for-reducing-energy-burdens-in-harris-county/</link>
      <pubDate>Mon, 17 Aug 2020 00:00:00 +0000</pubDate>
      
      <guid>/publication/pathways-for-reducing-energy-burdens-in-harris-county/</guid>
      <description>How energy efficiency and solar can reduce the energy burdens of low income communities.</description>
    </item>
    
    <item>
      <title>Co-optimization and community, Maximizing the benefits of Distributed Electricity and Water Technologies</title>
      <link>/publication/co-optimization-and-community-maximizing-the-benefits-of-distributed-electricity-and-water-technologies/</link>
      <pubDate>Sat, 17 Aug 2019 00:00:00 +0000</pubDate>
      
      <guid>/publication/co-optimization-and-community-maximizing-the-benefits-of-distributed-electricity-and-water-technologies/</guid>
      <description>How co-optimzing distributed water and energy technologies at the community scale can bring about cost savings that wouldn&amp;rsquo;t exist without their mutual benefits.</description>
    </item>
    
    <item>
      <title>Contributions of shared autonomous vehicles to climate change mitigation</title>
      <link>/publication/contributions-of-shared-autonomous-vehicles-to-climate-change-mitigation/</link>
      <pubDate>Mon, 01 Jul 2019 00:00:00 +0000</pubDate>
      
      <guid>/publication/contributions-of-shared-autonomous-vehicles-to-climate-change-mitigation/</guid>
      <description>Looks into how an autonomous shared self driving pardigm could affect climate change.</description>
    </item>
    
    <item>
      <title>Dynamics of Topological Defects in Single-Walled Carbon Nanotubes during Catalytic Growth</title>
      <link>/publication/dynamics-of-topological-defects-in-single-walled-carbon-nanotubes-during-catalytic-growth/</link>
      <pubDate>Thu, 06 Feb 2014 00:00:00 +0000</pubDate>
      
      <guid>/publication/dynamics-of-topological-defects-in-single-walled-carbon-nanotubes-during-catalytic-growth/</guid>
      <description>Optimal growth conditions are identified that allow significant structural healing in nanotubes.</description>
    </item>
    
    <item>
      <title>Effect of the Metal−Substrate Interaction Strength on the Growth of Single-Walled Carbon Nanotubes</title>
      <link>/publication/effect-of-the-metalsubstrate-interaction-strength-on-the-growth-of-single-walled-carbon-nanotubes/</link>
      <pubDate>Tue, 29 Mar 2011 00:00:00 +0000</pubDate>
      
      <guid>/publication/effect-of-the-metalsubstrate-interaction-strength-on-the-growth-of-single-walled-carbon-nanotubes/</guid>
      <description>The growth of single-walled carbon nanotubes is influenced by the metal-substrate interaction strength.</description>
    </item>
    
  </channel>
</rss>
