<?xml version="1.0" encoding="utf-8" standalone="yes"?>
<rss version="2.0" xmlns:atom="http://www.w3.org/2005/Atom">
  <channel>
    <title>SLS on Erick C. Jones Jr.</title>
    <link>/tags/sls/</link>
    <description>Recent content in SLS on Erick C. Jones Jr.</description>
    <generator>Hugo -- gohugo.io</generator>
    <language>en</language>
    <lastBuildDate>Sat, 21 Mar 2020 00:00:00 +0000</lastBuildDate><atom:link href="/tags/sls/index.xml" rel="self" type="application/rss+xml" />
    <item>
      <title>A Selective Laser Sintering Creation - Wind Powered Tops</title>
      <link>/blog/class_projects/sls/slsdesign/</link>
      <pubDate>Sat, 21 Mar 2020 00:00:00 +0000</pubDate>
      
      <guid>/blog/class_projects/sls/slsdesign/</guid>
      <description>We designed a spinning top that is novel, aesthetically pleasing, durable, spins well, and whose unique fan assembly can only be made using SLS. Our design incorporates a modular top system that allows for interchangeable designs to be attached to the universal base. We designed two UT-themed attachable tops, one that is a replica of the UT model tower and the other that is a replica of the UT seal. The universal base has wind turbine blades in its center so that air can be blown through it to keep it spinning even with a large top installed.</description>
    </item>
    
  </channel>
</rss>
