<?xml version="1.0" encoding="utf-8" standalone="yes"?>
<rss version="2.0" xmlns:atom="http://www.w3.org/2005/Atom">
  <channel>
    <title>evergreen on Hugo Apéro</title>
    <link>/categories/evergreen/</link>
    <description>Recent content in evergreen on Hugo Apéro</description>
    <generator>Hugo -- gohugo.io</generator>
    <language>en</language>
    <lastBuildDate>Wed, 20 Jan 2021 00:00:00 +0000</lastBuildDate><atom:link href="/categories/evergreen/index.xml" rel="self" type="application/rss+xml" />
    <item>
      <title>An evergreen post</title>
      <link>/blog/evergreen/</link>
      <pubDate>Wed, 20 Jan 2021 00:00:00 +0000</pubDate>
      
      <guid>/blog/evergreen/</guid>
      <description>Rendering mathematical equations     Examples from the mathjax demo. But they work with katex as well.
Rmarkdown     In .Rmarkdown documents, you can use either
$a \ne 0$ to get inline math: \(a \ne 0\). There is no conflict with using dollar symbols regularly, because knitr automatically escapes freestanding dollar symbols.
And you can use
$x = {-b \pm \sqrt{b^2-4ac} \over 2a}.$$ to get a math paragraph:</description>
    </item>
    
  </channel>
</rss>
