<?xml version="1.0" encoding="utf-8" standalone="yes"?>
<rss version="2.0" xmlns:atom="http://www.w3.org/2005/Atom">
  <channel>
    <title>Projects on Erick C. Jones Jr.</title>
    <link>/project/</link>
    <description>Recent content in Projects on Erick C. Jones Jr.</description>
    <generator>Hugo -- gohugo.io</generator>
    <language>en</language>
    <lastBuildDate>Tue, 03 Jan 2023 00:00:00 +0000</lastBuildDate><atom:link href="/project/index.xml" rel="self" type="application/rss+xml" />
    <item>
      <title>Critical Mineral Supply Chain</title>
      <link>/project/critical-mineral-supply-chain/</link>
      <pubDate>Tue, 03 Jan 2023 00:00:00 +0000</pubDate>
      
      <guid>/project/critical-mineral-supply-chain/</guid>
      <description>Potential Collaboration with UNR</description>
    </item>
    
    <item>
      <title>Equitable Weatherization</title>
      <link>/project/equitable-weatherization/</link>
      <pubDate>Tue, 03 Jan 2023 00:00:00 +0000</pubDate>
      
      <guid>/project/equitable-weatherization/</guid>
      <description>Continue working with City of Dallas and the Non-Profit Green Careers Dallas</description>
    </item>
    
    <item>
      <title>Equity Integration into Energy Capacity Expansion Models</title>
      <link>/project/equity-integration-into-energy/</link>
      <pubDate>Tue, 03 Jan 2023 00:00:00 +0000</pubDate>
      
      <guid>/project/equity-integration-into-energy/</guid>
      <description>OSeMOSYS and NREL’s ReEDS</description>
    </item>
    
    <item>
      <title>Foundation Communities Data Analytics</title>
      <link>/project/foundation-communities-data-analytics/</link>
      <pubDate>Tue, 03 Jan 2023 00:00:00 +0000</pubDate>
      
      <guid>/project/foundation-communities-data-analytics/</guid>
      <description>Foundation Communities Data Analytics</description>
    </item>
    
    <item>
      <title>Green Buildings Design and Operation Analytics</title>
      <link>/project/green-buildings-design/</link>
      <pubDate>Tue, 03 Jan 2023 00:00:00 +0000</pubDate>
      
      <guid>/project/green-buildings-design/</guid>
      <description>Working with COSMOS faculty (Drs. Chen and Rosenberger), COE CE (Dr. Park), and CAPPA Architecture (Mr. MacBride) |   Project also part of K-12 NSF RET</description>
    </item>
    
    <item>
      <title>Resilient and Equitable Infrastructure Modeling</title>
      <link>/project/resilient-and-equitable/</link>
      <pubDate>Tue, 03 Jan 2023 00:00:00 +0000</pubDate>
      
      <guid>/project/resilient-and-equitable/</guid>
      <description>Large Scale Modeling of Texas System for Energy System | Potential Collaboration with Stanford to Model Multiple Infrastructure Types</description>
    </item>
    
    <item>
      <title>RFID Design of Experiments</title>
      <link>/project/rfid-design-of-experiments/</link>
      <pubDate>Tue, 03 Jan 2023 00:00:00 +0000</pubDate>
      
      <guid>/project/rfid-design-of-experiments/</guid>
      <description>Collaboration with Rehrig Pacific</description>
    </item>
    
    <item>
      <title>Scalable Microgrid Design and Controls</title>
      <link>/project/scalable-microgrid/</link>
      <pubDate>Tue, 03 Jan 2023 00:00:00 +0000</pubDate>
      
      <guid>/project/scalable-microgrid/</guid>
      <description>UTA REU project</description>
    </item>
    
    <item>
      <title>Second Life EV Batteries for Home Energy Storage</title>
      <link>/project/second-life-ev-batteries/</link>
      <pubDate>Tue, 03 Jan 2023 00:00:00 +0000</pubDate>
      
      <guid>/project/second-life-ev-batteries/</guid>
      <description>Working with Dr. Prater (COB, UTA)</description>
    </item>
    
    <item>
      <title>Second Life PV Array for Rural Applications</title>
      <link>/project/second-life-pv-array/</link>
      <pubDate>Tue, 03 Jan 2023 00:00:00 +0000</pubDate>
      
      <guid>/project/second-life-pv-array/</guid>
      <description>Working with Dr. Prater (COB, UTA)</description>
    </item>
    
    <item>
      <title>Energy Storage project (Repurposed Nissan Leaf Battery)</title>
      <link>/project/es-project-repurposed-nissan-leaf-battery/</link>
      <pubDate>Thu, 29 Dec 2022 00:00:00 +0000</pubDate>
      
      <guid>/project/es-project-repurposed-nissan-leaf-battery/</guid>
      <description>Storing the energy generated by renewables such as solar and wind.</description>
    </item>
    
    <item>
      <title>247 Carbon Free Energy Optimization Modeling</title>
      <link>/project/247-cfe/</link>
      <pubDate>Thu, 10 Feb 2022 00:00:00 +0000</pubDate>
      
      <guid>/project/247-cfe/</guid>
      <description>Investigate the effects of 247 Carbon Free Energy with Macro-Energy System Modeling</description>
    </item>
    
    <item>
      <title>EV Batteries for Resilience</title>
      <link>/project/ev-battery-and-resilience/</link>
      <pubDate>Mon, 10 Jan 2022 00:00:00 +0000</pubDate>
      
      <guid>/project/ev-battery-and-resilience/</guid>
      <description>Investigate the secondary uses of EV batteries by recongizing EVs are giant power centers made of batteries that happen to have vehicles on top of them.</description>
    </item>
    
    <item>
      <title>Green Building Lifecycle Optimization</title>
      <link>/project/green-building/</link>
      <pubDate>Mon, 10 Jan 2022 00:00:00 +0000</pubDate>
      
      <guid>/project/green-building/</guid>
      <description>Improve Green Building Throughout Entire Lifecycle (Design, Building, and Operations)</description>
    </item>
    
    <item>
      <title>Green Warriors Weatherization Program Improvement</title>
      <link>/project/green-warriors/</link>
      <pubDate>Mon, 10 Jan 2022 00:00:00 +0000</pubDate>
      
      <guid>/project/green-warriors/</guid>
      <description>A program to improve the efficiency of the Weatherization Assistance Program in Dallas</description>
    </item>
    
    <item>
      <title>Heat Pump for Energy Efficiency and Climate Change Mitigation</title>
      <link>/project/heat-pump-ee-impact/</link>
      <pubDate>Mon, 10 Jan 2022 00:00:00 +0000</pubDate>
      
      <guid>/project/heat-pump-ee-impact/</guid>
      <description>Investigate how heat pump adoption could affect energy usage and climate impacts.</description>
    </item>
    
    <item>
      <title>Demand Response, COSMOS NSF Project</title>
      <link>/project/demand-response/</link>
      <pubDate>Wed, 10 Nov 2021 00:00:00 +0000</pubDate>
      
      <guid>/project/demand-response/</guid>
      <description>Investigate Demand Response Control Algorithms</description>
    </item>
    
    <item>
      <title>Microgrid Automation, Micro-Wind Turbines and Rooftop Solar</title>
      <link>/project/campus-microgrid/</link>
      <pubDate>Sun, 10 Oct 2021 00:00:00 +0000</pubDate>
      
      <guid>/project/campus-microgrid/</guid>
      <description>A project to evaluate solar and wind energy production, microgrid controls, and automation</description>
    </item>
    
    <item>
      <title>Agriculture Solar and Desalination Stochastic Investment Optimization</title>
      <link>/project/ag-solar-and-desalination/</link>
      <pubDate>Mon, 17 May 2021 00:00:00 +0000</pubDate>
      
      <guid>/project/ag-solar-and-desalination/</guid>
      <description>A Stochastic Optimization scheme balancing food, energy, and water.</description>
    </item>
    
    <item>
      <title>Community Solar for Low-Income Households in the Competitive Market</title>
      <link>/project/community-solar-in-the-competitive-market/</link>
      <pubDate>Thu, 17 Sep 2020 00:00:00 +0000</pubDate>
      
      <guid>/project/community-solar-in-the-competitive-market/</guid>
      <description>Looking for ways to integrate Community Solar for Low-Income Households in the Competitive Market</description>
    </item>
    
    <item>
      <title>COVID-19 AI-Enabled Supply Chain Optimization</title>
      <link>/project/covid-19-houston/</link>
      <pubDate>Sun, 19 Jul 2020 00:00:00 +0000</pubDate>
      
      <guid>/project/covid-19-houston/</guid>
      <description>This EAGER award supports fundamental research in technology-enabled supply chain design to effectively deliver therapeutics to at risk populations in an urban setting.</description>
    </item>
    
    <item>
      <title>CCS Infrastructure Planning, SimCCS Improvements and Case Study</title>
      <link>/project/simccs/</link>
      <pubDate>Tue, 19 May 2020 00:00:00 +0000</pubDate>
      
      <guid>/project/simccs/</guid>
      <description>Worked to upgrade the SimCCS framework by adding a temporal element.</description>
    </item>
    
    <item>
      <title>Co-Optimization and Community, Community Solar and RWH</title>
      <link>/project/community-solar-and-rwh/</link>
      <pubDate>Sun, 17 May 2020 00:00:00 +0000</pubDate>
      
      <guid>/project/community-solar-and-rwh/</guid>
      <description>An Optimization Scheme for Community Solar and RWH</description>
    </item>
    
    <item>
      <title>Shared Autonomous Vehicles Impact on Climate Change Mitigation</title>
      <link>/project/shared-avs-and-climate/</link>
      <pubDate>Fri, 17 May 2019 00:00:00 +0000</pubDate>
      
      <guid>/project/shared-avs-and-climate/</guid>
      <description>Optimizing Autonomous Shared Transportation and Power System for Climate</description>
    </item>
    
    <item>
      <title>Science in Residence and Planet Texas</title>
      <link>/project/ptscires/</link>
      <pubDate>Thu, 19 Jul 2018 00:00:00 +0000</pubDate>
      
      <guid>/project/ptscires/</guid>
      <description>A program to introduce K-12 to the joys of science</description>
    </item>
    
  </channel>
</rss>
