<?xml version="1.0" encoding="utf-8" standalone="yes" ?>
<rss version="2.0" xmlns:atom="http://www.w3.org/2005/Atom">
  <channel>
    <title>Jacquie Moss | Erick Jones</title>
    <link>/author/jacquie-moss/</link>
      <atom:link href="/author/jacquie-moss/index.xml" rel="self" type="application/rss+xml" />
    <description>Jacquie Moss</description>
    <generator>Source Themes Academic (https://sourcethemes.com/academic/)</generator><language>en-us</language><copyright>&amp;copy Erick Jones {2020}</copyright><lastBuildDate>Thu, 13 Aug 2020 00:00:00 +0000</lastBuildDate>
    <image>
      <url>/images/icon_hu0b7a4cb9992c9ac0e91bd28ffd38dd00_9727_512x512_fill_lanczos_center_2.png</url>
      <title>Jacquie Moss</title>
      <link>/author/jacquie-moss/</link>
    </image>
    
    <item>
      <title>Pathways for Reducing Energy Burdens in Harris County</title>
      <link>/publication/pathways-for-reducing-energy-burdens-in-harris-county/</link>
      <pubDate>Thu, 13 Aug 2020 00:00:00 +0000</pubDate>
      <guid>/publication/pathways-for-reducing-energy-burdens-in-harris-county/</guid>
      <description>&lt;p&gt;Abstract:&lt;/p&gt;
&lt;p&gt;Distributed Energy Resources (DERs) can offer financial, environmental, and resiliency benefits to our society. Vulnerable communities, for whom these benefits can be most impactful, often face barriers to access, including awareness, financial limitations, and housing conditions.&lt;/p&gt;
&lt;p&gt;The Texas Energy Poverty Research Institute (TEPRI) leads the Pathways for DERs to Reduce Energy Burdens initiative to develop a roadmap for cost-efficient, inclusive, and effective pathways for rooftop solar and energy efficiency deployment in residential buildings located in low-income census tracks — with the goal of reducing the energy burden of residents. This analysis and stakeholder engagement initiative is initially focused on Harris County (Houston), Texas, (with 600,000 low-income households, 65% of whom are people of color) with the intent of expanding to other Texas regions.&lt;/p&gt;
&lt;p&gt;The project involves a synthesis and analysis of existing literature and data, that includes both publicly available and proprietary datasets, to develop a clear understanding of the Energy Affordability Gap (EAG) and the energy efficiency and rooftop solar potential of the existing affordable housing stock. This project also involves stakeholder meetings in Houston with local community organizations, researchers, energy providers, and local leadership to identify barriers and co-develop solutions specific to Harris County, opportunities to leverage funding sources, and alignment with the City of Houston Climate Action Plan.&lt;/p&gt;
&lt;p&gt;The most immediate action to reduce the EAG is to target energy efficiency measures in single family homes in geographical areas with high concentrations of low-income households. Furthermore, we encourage the development of community relationships to improve the implementation of weatherization programs among low-income communities.&lt;/p&gt;
</description>
    </item>
    
  </channel>
</rss>
