<?xml version="1.0" encoding="utf-8" standalone="yes"?>
<rss version="2.0" xmlns:atom="http://www.w3.org/2005/Atom">
  <channel>
    <title>Course Materials on Erick C. Jones Jr.</title>
    <link>/courses/</link>
    <description>Recent content in Course Materials on Erick C. Jones Jr.</description>
    <generator>Hugo -- gohugo.io</generator>
    <language>en</language>
    <lastBuildDate>Wed, 01 Sep 2021 00:00:00 +0000</lastBuildDate><atom:link href="/courses/index.xml" rel="self" type="application/rss+xml" />
    <item>
      <title>Introduction to Probability and Statistics</title>
      <link>/courses/prob_stat/</link>
      <pubDate>Wed, 01 Sep 2021 00:00:00 +0000</pubDate>
      
      <guid>/courses/prob_stat/</guid>
      <description>Description of Course Content:
Topics in engineering that involve random processes. Applications and backgrounds for topics in reliability, inventory systems, and queuing problems, including absolute and conditional prob- abilities, discrete and continuous random variables, parameter estimation, hypothesis testing, and an introduction to linear regression. This course will also introduce basic programming skills and applications for statistical analyses using R and the tidyverse as well spreadsheet software (e.g., Excel, Google Sheets).</description>
    </item>
    
  </channel>
</rss>
