<?xml version="1.0" encoding="utf-8" standalone="yes"?>
<rss version="2.0" xmlns:atom="http://www.w3.org/2005/Atom">
  <channel>
    <title>Categories on Erick C. Jones Jr.</title>
    <link>/categories/</link>
    <description>Recent content in Categories on Erick C. Jones Jr.</description>
    <generator>Hugo -- gohugo.io</generator>
    <language>en</language>
    <lastBuildDate>Sat, 21 Mar 2020 00:00:00 +0000</lastBuildDate><atom:link href="/categories/index.xml" rel="self" type="application/rss+xml" />
    <item>
      <title>Machine Learning</title>
      <link>/categories/machine-learning/</link>
      <pubDate>Sat, 21 Mar 2020 00:00:00 +0000</pubDate>
      
      <guid>/categories/machine-learning/</guid>
      <description></description>
    </item>
    
    <item>
      <title>Systems Modeling</title>
      <link>/categories/systems-modeling/</link>
      <pubDate>Sat, 21 Mar 2020 00:00:00 +0000</pubDate>
      
      <guid>/categories/systems-modeling/</guid>
      <description></description>
    </item>
    
    <item>
      <title>ORIE Techniques</title>
      <link>/categories/orie-techniques/</link>
      <pubDate>Fri, 10 Jan 2020 00:00:00 +0000</pubDate>
      
      <guid>/categories/orie-techniques/</guid>
      <description></description>
    </item>
    
    <item>
      <title>ORIE Basics</title>
      <link>/categories/orie-basics/</link>
      <pubDate>Sun, 05 Jan 2020 00:00:00 +0000</pubDate>
      
      <guid>/categories/orie-basics/</guid>
      <description></description>
    </item>
    
  </channel>
</rss>
