<?xml version="1.0" encoding="utf-8" standalone="yes"?>
<rss version="2.0" xmlns:atom="http://www.w3.org/2005/Atom">
  <channel>
    <title>Tags on Erick C. Jones Jr.</title>
    <link>/tags/</link>
    <description>Recent content in Tags on Erick C. Jones Jr.</description>
    <generator>Hugo -- gohugo.io</generator>
    <language>en</language>
    <lastBuildDate>Mon, 07 Sep 2020 00:00:00 +0000</lastBuildDate><atom:link href="/tags/index.xml" rel="self" type="application/rss+xml" />
    <item>
      <title>Source Themes</title>
      <link>/tags/source-themes/</link>
      <pubDate>Mon, 07 Sep 2020 00:00:00 +0000</pubDate>
      
      <guid>/tags/source-themes/</guid>
      <description></description>
    </item>
    
    <item>
      <title>additive manufacturing</title>
      <link>/tags/additive-manufacturing/</link>
      <pubDate>Sat, 21 Mar 2020 00:00:00 +0000</pubDate>
      
      <guid>/tags/additive-manufacturing/</guid>
      <description></description>
    </item>
    
    <item>
      <title>CAD</title>
      <link>/tags/cad/</link>
      <pubDate>Sat, 21 Mar 2020 00:00:00 +0000</pubDate>
      
      <guid>/tags/cad/</guid>
      <description></description>
    </item>
    
    <item>
      <title>Machine Learning</title>
      <link>/tags/machine-learning/</link>
      <pubDate>Sat, 21 Mar 2020 00:00:00 +0000</pubDate>
      
      <guid>/tags/machine-learning/</guid>
      <description></description>
    </item>
    
    <item>
      <title>SLS</title>
      <link>/tags/sls/</link>
      <pubDate>Sat, 21 Mar 2020 00:00:00 +0000</pubDate>
      
      <guid>/tags/sls/</guid>
      <description></description>
    </item>
    
    <item>
      <title>Algorithms</title>
      <link>/tags/algorithms/</link>
      <pubDate>Fri, 10 Jan 2020 00:00:00 +0000</pubDate>
      
      <guid>/tags/algorithms/</guid>
      <description></description>
    </item>
    
    <item>
      <title>Benders</title>
      <link>/tags/benders/</link>
      <pubDate>Fri, 10 Jan 2020 00:00:00 +0000</pubDate>
      
      <guid>/tags/benders/</guid>
      <description></description>
    </item>
    
    <item>
      <title>Column Generation</title>
      <link>/tags/column-generation/</link>
      <pubDate>Fri, 10 Jan 2020 00:00:00 +0000</pubDate>
      
      <guid>/tags/column-generation/</guid>
      <description></description>
    </item>
    
    <item>
      <title>Decomposition</title>
      <link>/tags/decomposition/</link>
      <pubDate>Fri, 10 Jan 2020 00:00:00 +0000</pubDate>
      
      <guid>/tags/decomposition/</guid>
      <description></description>
    </item>
    
    <item>
      <title>LP</title>
      <link>/tags/lp/</link>
      <pubDate>Fri, 10 Jan 2020 00:00:00 +0000</pubDate>
      
      <guid>/tags/lp/</guid>
      <description></description>
    </item>
    
    <item>
      <title>MIP</title>
      <link>/tags/mip/</link>
      <pubDate>Fri, 10 Jan 2020 00:00:00 +0000</pubDate>
      
      <guid>/tags/mip/</guid>
      <description></description>
    </item>
    
    <item>
      <title>R Markdown</title>
      <link>/tags/r-markdown/</link>
      <pubDate>Fri, 10 Jan 2020 00:00:00 +0000</pubDate>
      
      <guid>/tags/r-markdown/</guid>
      <description></description>
    </item>
    
    <item>
      <title>Interior Point</title>
      <link>/tags/interior-point/</link>
      <pubDate>Tue, 07 Jan 2020 00:00:00 +0000</pubDate>
      
      <guid>/tags/interior-point/</guid>
      <description></description>
    </item>
    
    <item>
      <title>QP</title>
      <link>/tags/qp/</link>
      <pubDate>Tue, 07 Jan 2020 00:00:00 +0000</pubDate>
      
      <guid>/tags/qp/</guid>
      <description></description>
    </item>
    
    <item>
      <title>Gurboi</title>
      <link>/tags/gurboi/</link>
      <pubDate>Mon, 06 Jan 2020 00:00:00 +0000</pubDate>
      
      <guid>/tags/gurboi/</guid>
      <description></description>
    </item>
    
    <item>
      <title>Gurobi</title>
      <link>/tags/gurobi/</link>
      <pubDate>Sun, 05 Jan 2020 00:00:00 +0000</pubDate>
      
      <guid>/tags/gurobi/</guid>
      <description></description>
    </item>
    
    <item>
      <title>Markov Chains</title>
      <link>/tags/markov-chains/</link>
      <pubDate>Sat, 04 Jan 2020 00:00:00 +0000</pubDate>
      
      <guid>/tags/markov-chains/</guid>
      <description></description>
    </item>
    
    <item>
      <title>Statistical Testing</title>
      <link>/tags/statistical-testing/</link>
      <pubDate>Sat, 04 Jan 2020 00:00:00 +0000</pubDate>
      
      <guid>/tags/statistical-testing/</guid>
      <description></description>
    </item>
    
    <item>
      <title>Stochastic Processes</title>
      <link>/tags/stochastic-processes/</link>
      <pubDate>Sat, 04 Jan 2020 00:00:00 +0000</pubDate>
      
      <guid>/tags/stochastic-processes/</guid>
      <description></description>
    </item>
    
    <item>
      <title>RNG</title>
      <link>/tags/rng/</link>
      <pubDate>Thu, 02 Jan 2020 00:00:00 +0000</pubDate>
      
      <guid>/tags/rng/</guid>
      <description></description>
    </item>
    
    <item>
      <title>Simulation</title>
      <link>/tags/simulation/</link>
      <pubDate>Thu, 02 Jan 2020 00:00:00 +0000</pubDate>
      
      <guid>/tags/simulation/</guid>
      <description></description>
    </item>
    
    <item>
      <title>Regression</title>
      <link>/tags/regression/</link>
      <pubDate>Wed, 01 Jan 2020 00:00:00 +0000</pubDate>
      
      <guid>/tags/regression/</guid>
      <description></description>
    </item>
    
    <item>
      <title>Statistics</title>
      <link>/tags/statistics/</link>
      <pubDate>Wed, 01 Jan 2020 00:00:00 +0000</pubDate>
      
      <guid>/tags/statistics/</guid>
      <description></description>
    </item>
    
    <item>
      <title>cities</title>
      <link>/tags/cities/</link>
      <pubDate>Fri, 03 May 2019 00:00:00 +0000</pubDate>
      
      <guid>/tags/cities/</guid>
      <description></description>
    </item>
    
    <item>
      <title>Systems Modeling</title>
      <link>/tags/systems-modeling/</link>
      <pubDate>Fri, 03 May 2019 00:00:00 +0000</pubDate>
      
      <guid>/tags/systems-modeling/</guid>
      <description></description>
    </item>
    
  </channel>
</rss>
