<?xml version="1.0" encoding="utf-8" standalone="yes"?>
<rss version="2.0" xmlns:atom="http://www.w3.org/2005/Atom">
  <channel>
    <title>job on Erick C. Jones Jr.</title>
    <link>/tags/job/</link>
    <description>Recent content in job on Erick C. Jones Jr.</description>
    <generator>Hugo -- gohugo.io</generator>
    <language>en</language>
    <lastBuildDate>Fri, 21 Jan 2022 00:00:00 +0000</lastBuildDate><atom:link href="/tags/job/index.xml" rel="self" type="application/rss+xml" />
    <item>
      <title>Job Opening - Communications and Digital Media Student Assistant</title>
      <link>/blog/job-posting/communications/commjob/</link>
      <pubDate>Fri, 21 Jan 2022 00:00:00 +0000</pubDate>
      
      <guid>/blog/job-posting/communications/commjob/</guid>
      <description>Communications and Digital Media Role Description SAVII labs is looking for a Communications Media Assistant to join our team! We need a talented student who can create graphics, develop technical content, and maintain the lab’s web and social media presence.
Your workday will include creating content for presentations, our website, occasionally social media, and other tasks as assigned. This job is a great opportunity to gain hands-on experience in developing and carrying out technical communication and media strategies.</description>
    </item>
    
    <item>
      <title>Job Opening - Undergraduate Research Assistant</title>
      <link>/blog/job-posting/research/researchjob/</link>
      <pubDate>Fri, 21 Jan 2022 00:00:00 +0000</pubDate>
      
      <guid>/blog/job-posting/research/researchjob/</guid>
      <description>Undergraduate Research Assistant Role Description SAVII labs is looking for an Undergraduate Research Assistant to join our team! We need a talented and motivated student who can learn on a variety of different software platforms to assist on a few different projects.
A workday might include gathering and analyzing data, creating an electronics diagram in LabView, developing maps in ArcGIS, or creating a 3D BIM model in Revit. This job is a great opportunity to gain hands-on experience in a variety of multi-disciplinary engineering tasks from green building, to microgrids, to data analytics.</description>
    </item>
    
  </channel>
</rss>
