<?xml version="1.0" encoding="utf-8" standalone="yes" ?>
<rss version="2.0" xmlns:atom="http://www.w3.org/2005/Atom">
  <channel>
    <title>Interior Point | Erick Jones</title>
    <link>/tag/interior-point/</link>
      <atom:link href="/tag/interior-point/index.xml" rel="self" type="application/rss+xml" />
    <description>Interior Point</description>
    <generator>Source Themes Academic (https://sourcethemes.com/academic/)</generator><language>en-us</language><copyright>&amp;copy Erick Jones {2020}</copyright><lastBuildDate>Tue, 07 Jan 2020 00:00:00 +0000</lastBuildDate>
    <image>
      <url>/images/icon_hu0b7a4cb9992c9ac0e91bd28ffd38dd00_9727_512x512_fill_lanczos_center_2.png</url>
      <title>Interior Point</title>
      <link>/tag/interior-point/</link>
    </image>
    
    <item>
      <title>Quadratic Programming Examples and Algorithms</title>
      <link>/post/orie/qp_algorithms/</link>
      <pubDate>Tue, 07 Jan 2020 00:00:00 +0000</pubDate>
      <guid>/post/orie/qp_algorithms/</guid>
      <description>
&lt;script src=&#34;/rmarkdown-libs/header-attrs/header-attrs.js&#34;&gt;&lt;/script&gt;


&lt;p&gt;This post explores how to solve QPs by hand and with Gurobi.
I have written these using Gurobi as a solver and as the mathematical formulation software.
This is a reproducible example if you have R Studio just make sure you have installed the correct packages.&lt;/p&gt;
&lt;pre class=&#34;r&#34;&gt;&lt;code&gt;library(gurobi)&lt;/code&gt;&lt;/pre&gt;
&lt;pre&gt;&lt;code&gt;## Warning: package &amp;#39;gurobi&amp;#39; was built under R version 4.0.2&lt;/code&gt;&lt;/pre&gt;
&lt;pre class=&#34;r&#34;&gt;&lt;code&gt;library(tictoc)
library(Matrix)
library(ggplot2)&lt;/code&gt;&lt;/pre&gt;
&lt;pre&gt;&lt;code&gt;## Warning: package &amp;#39;ggplot2&amp;#39; was built under R version 4.0.2&lt;/code&gt;&lt;/pre&gt;
&lt;pre class=&#34;r&#34;&gt;&lt;code&gt;#library(matlib)
library(MASS)&lt;/code&gt;&lt;/pre&gt;
&lt;pre&gt;&lt;code&gt;## Warning: package &amp;#39;MASS&amp;#39; was built under R version 4.0.2&lt;/code&gt;&lt;/pre&gt;
&lt;p&gt;Gradient Descent a first order method &lt;span class=&#34;math inline&#34;&gt;\(x_{i+1} = x_i + \lambda*d/f(x)\)&lt;/span&gt;&lt;/p&gt;
&lt;pre class=&#34;r&#34;&gt;&lt;code&gt;x &amp;lt;- c(-10:10)
fx1 &amp;lt;- x^2
xi &amp;lt;- 10
lambda &amp;lt;- 0.2
xit &amp;lt;- xi

fx &amp;lt;- xit^2
dfx &amp;lt;- 2*xit

gd &amp;lt;- data.frame(&amp;#39;x&amp;#39; = xit, &amp;#39;fx&amp;#39; = fx, &amp;#39;dfx&amp;#39; = dfx)



while(dfx &amp;lt; -10^-50 | dfx &amp;gt; 10^-50){
xit &amp;lt;- xit - lambda*dfx
fx &amp;lt;- xit^2
dfx &amp;lt;- 2*xit
gd &amp;lt;- rbind(gd, c(xit,fx,dfx))

}

head(gd)&lt;/code&gt;&lt;/pre&gt;
&lt;pre&gt;&lt;code&gt;##         x          fx     dfx
## 1 10.0000 100.0000000 20.0000
## 2  6.0000  36.0000000 12.0000
## 3  3.6000  12.9600000  7.2000
## 4  2.1600   4.6656000  4.3200
## 5  1.2960   1.6796160  2.5920
## 6  0.7776   0.6046618  1.5552&lt;/code&gt;&lt;/pre&gt;
&lt;pre class=&#34;r&#34;&gt;&lt;code&gt;tail(gd)&lt;/code&gt;&lt;/pre&gt;
&lt;pre&gt;&lt;code&gt;##                x            fx          dfx
## 228 4.368515e-50  1.908392e-99 8.737030e-50
## 229 2.621109e-50 6.870213e-100 5.242218e-50
## 230 1.572665e-50 2.473277e-100 3.145331e-50
## 231 9.435993e-51 8.903795e-101 1.887199e-50
## 232 5.661596e-51 3.205366e-101 1.132319e-50
## 233 3.396957e-51 1.153932e-101 6.793915e-51&lt;/code&gt;&lt;/pre&gt;
&lt;pre class=&#34;r&#34;&gt;&lt;code&gt;qplot(x = x, y = fx1)&lt;/code&gt;&lt;/pre&gt;
&lt;p&gt;&lt;img src=&#34;/post/ORIE/QP_algorithms_files/figure-html/gradient_descent_example-1.png&#34; width=&#34;672&#34; /&gt;&lt;/p&gt;
&lt;pre class=&#34;r&#34;&gt;&lt;code&gt;qplot(x,fx, data = gd)&lt;/code&gt;&lt;/pre&gt;
&lt;p&gt;&lt;img src=&#34;/post/ORIE/QP_algorithms_files/figure-html/gradient_descent_example-2.png&#34; width=&#34;672&#34; /&gt;&lt;/p&gt;
&lt;p&gt;standard form for quadratics&lt;/p&gt;
&lt;p&gt;&lt;span class=&#34;math inline&#34;&gt;\(min\: z; z = -8x_1-16x_2+x_1^2+4x_2^2\)&lt;/span&gt;&lt;/p&gt;
&lt;p&gt;s.t.
&lt;span class=&#34;math inline&#34;&gt;\(x_1 + x_2 + x_3 = 5\)&lt;/span&gt;
&lt;span class=&#34;math inline&#34;&gt;\(x_1 + x_4 = 3\)&lt;/span&gt;
From Jensen and Bard Quadratic Solver notes in Book
Idea given A,b,c and intial value of x; find optimal x that minimizes c’*x&lt;/p&gt;
&lt;pre class=&#34;r&#34;&gt;&lt;code&gt;constr1 &amp;lt;- c(1,1,1,0)
constr2 &amp;lt;- c(1,0,0,1)


A &amp;lt;- rbind(constr1,constr2)

m &amp;lt;- nrow(A)
n &amp;lt;- ncol(A)


b &amp;lt;- matrix(c(5,3),nrow =m)
c &amp;lt;- matrix(c(-8,-16,0,0), nrow = n)
Q &amp;lt;- rbind(c(2,0,0,0),c(0,8,0,0),c(0,0,0,0),c(0,0,0,0))
#inital x values (xi) given by slacks = RHS
xi &amp;lt;- matrix(c(1,1,0.5,0.5), nrow =n)

m &amp;lt;- nrow(A)
n &amp;lt;- ncol(A)

I &amp;lt;- diag(n)
z1 &amp;lt;- matrix(rep(0,n*n), nrow = n)
z2 &amp;lt;- matrix(rep(0,m*m), nrow = m)
z3 &amp;lt;- matrix(rep(0,m*n), nrow = m)
y &amp;lt;- matrix(rep(1,m), nrow = n)
#The complimentary slackness modifier 1/t eventually goes to 0 as t &amp;gt;&amp;gt;&amp;gt;&amp;gt; inf
t &amp;lt;- 9
#Step size pretty much make it up
alpha &amp;lt;- 0.1
#mu*x = 0 in complemntariy slackness condition , mu &amp;gt;0 is dual condition mu correspond to dual variables, 
#using fancy vectors this gives Xd*mu = XM1 = 1/t where t &amp;gt;&amp;gt;&amp;gt;&amp;gt; inf 
x &amp;lt;- xi
mu &amp;lt;- x/t
mu_minus_c &amp;lt;- mu - c - Q%*%x
#Gives lagrangian multipliers for constraints
#Solving c+A*lamda-mu = 0 gives initial lambda
lambda &amp;lt;- ginv(t(A))%*%(mu_minus_c)


#combined vector having values of x, lambda, and mu useful when adding the search direction
w &amp;lt;- rbind(x, lambda, mu)


#This is the KKT condition stationarity, at optimality this derivative should  be 0,
#Using the lagrangian cx+lambda*Ax-mu &amp;gt;&amp;gt; c+A*lambda-mu
c_plus_tA &amp;lt;- Q%*%x+c+t(A)%*%lambda-mu

#This is the KKT condition primal feasiblity, this should always be 0 Ax-b=0 
A_times_x_minus_b &amp;lt;- A%*%x-b

#This is the modfied complimentary condtion XM1 -1/t = 0 X is the diag(x) and M is diag(mu) 1/t &amp;gt;&amp;gt;&amp;gt; 0 as t gets larger
x_times_mu_minus_y_over_t &amp;lt;- x*mu-y/t

#The right hand side of the search direction iteration given from the Newton-Raphson Method
#Combines the vectors above
B &amp;lt;- rbind(c_plus_tA,A_times_x_minus_b,x_times_mu_minus_y_over_t)

objective &amp;lt;- 0.5*t(x)%*%Q%*%x+t(c)%*%x
error &amp;lt;- norm(B,&amp;#39;2&amp;#39;)

iteration_list &amp;lt;- data.frame(&amp;#39;x1&amp;#39; = x[1], &amp;#39;x2&amp;#39; = x[2], &amp;#39;x3&amp;#39; = x[3], &amp;#39;x4&amp;#39; = x[4], &amp;#39;objective&amp;#39; = objective, &amp;#39;error&amp;#39; = error)

#loop



while(error &amp;gt; 10^-12){
t &amp;lt;- t*9

Xd = Diagonal(n = n, x)

Mud = Diagonal(n = n, mu) 


#The left hand side matrix of the search direction iteration, it containtes information from the A, x, and mu vectors and matricies of 1s or 0s to make the math make sense

C &amp;lt;- rbind(cbind(Q,t(A),-I),cbind(A,z2,z3), cbind(Mud,t(z3), Xd))

#The right hand side of the search direction iteration given from the Newton-Raphson Method
#This contains the objective function costs, the RHS values, as well as the A, x, and mu vectors. 
#It also has the complimentary condition represented by t
B &amp;lt;- rbind(Q%*%x+c+t(A)%*%lambda-mu,A%*%x-b,x*mu-y/t)


#solving the systems of equations with C and B gives the search direction as you move closer and closer to solving the complimentary condition in the KKT conditions
dw = solve(-C,B)


#update your w vector which is just a list of the x, mu, and lambda vectors using the search direction
w &amp;lt;- w + alpha*dw

x &amp;lt;- w[1:n]

lambda &amp;lt;- w[(n+1):(n+m)]

mu &amp;lt;- w[(n+m+1):length(w)]

#calculate the objective function from the x values and the error. Remember if this satisifies all the KKT conditions then the B vector will be 0.
objective &amp;lt;- 0.5*t(x)%*%Q%*%x+t(c)%*%x
error &amp;lt;- norm(B,&amp;#39;2&amp;#39;)
iteration_list &amp;lt;- rbind(iteration_list,c(x,objective,error))

}

head(iteration_list)&lt;/code&gt;&lt;/pre&gt;
&lt;pre&gt;&lt;code&gt;##         x1       x2         x3         x4 objective    error
## 1 1.000000 1.000000 0.50000000 0.50000000 -19.00000 6.520410
## 2 1.269990 1.096877 0.38313300 0.38001002 -21.28452 6.520877
## 3 1.516786 1.183938 0.27427586 0.26821381 -23.16982 5.868998
## 4 1.734188 1.261642 0.18166935 0.17231180 -24.68541 5.282035
## 5 1.918400 1.330365 0.11098503 0.09745009 -25.87330 4.753769
## 6 2.066579 1.390789 0.06640714 0.04768647 -26.77733 4.278347&lt;/code&gt;&lt;/pre&gt;
&lt;pre class=&#34;r&#34;&gt;&lt;code&gt;tail(iteration_list)&lt;/code&gt;&lt;/pre&gt;
&lt;pre&gt;&lt;code&gt;##     x1 x2           x3           x4 objective        error
## 278  3  2 3.020886e-08 5.122922e-16       -31 1.531109e-12
## 279  3  2 2.869842e-08 4.610630e-16       -31 1.377965e-12
## 280  3  2 2.726350e-08 4.149567e-16       -31 1.239794e-12
## 281  3  2 2.590032e-08 3.734610e-16       -31 1.115852e-12
## 282  3  2 2.460531e-08 3.361149e-16       -31 1.003790e-12
## 283  3  2 2.337504e-08 3.025034e-16       -31 9.038590e-13&lt;/code&gt;&lt;/pre&gt;
&lt;p&gt;standard form for quadratics
&lt;span class=&#34;math inline&#34;&gt;\(min \:z; z = 4x_1^2 + 4x_2^2 - 2x_1x_2 - 12x_1 - 72x_2 + 384\)&lt;/span&gt;
s.t.
&lt;span class=&#34;math inline&#34;&gt;\(2x_1 + x_2 + x_3 = 18\)&lt;/span&gt;
&lt;span class=&#34;math inline&#34;&gt;\(6x_1+ 5x_2 + x_4 = 60\)&lt;/span&gt;
&lt;span class=&#34;math inline&#34;&gt;\(2x_1 + 5x_2 + x_5 = 40\)&lt;/span&gt;&lt;/p&gt;
&lt;pre class=&#34;r&#34;&gt;&lt;code&gt;#Another example from http://fourier.eng.hmc.edu/e176/lectures/ch3/node19.html, but don&amp;#39;t have answers 



#Work out matricies in Wolfram Alpha

#Idea given A,b,c and intial value of x; find optimal x that minimizes c&amp;#39;*x

constr1 &amp;lt;- c(2,1,1,0,0)
constr2 &amp;lt;- c(6,5,0,1,0)
constr3 &amp;lt;- c(2,5,0,0,1)

A &amp;lt;- rbind(constr1,constr2, constr3)

b &amp;lt;- matrix(c(18,60,40),nrow =3)
c &amp;lt;- matrix(c(-8,-16,0,0,0), nrow = 5)
Q &amp;lt;- rbind(c(2,1,0,0,0),c(1,2,0,0,0),c(0,0,0,0,0),c(0,0,0,0,0),c(0,0,0,0,0))

rm(A,b,c,Q,constr1,constr2,constr3)&lt;/code&gt;&lt;/pre&gt;
&lt;p&gt;Add a new chunk by clicking the &lt;em&gt;Insert Chunk&lt;/em&gt; button on the toolbar or by pressing &lt;em&gt;Ctrl+Alt+I&lt;/em&gt;.&lt;/p&gt;
&lt;p&gt;When you save the notebook, an HTML file containing the code and output will be saved alongside it (click the &lt;em&gt;Preview&lt;/em&gt; button or press &lt;em&gt;Ctrl+Shift+K&lt;/em&gt; to preview the HTML file).&lt;/p&gt;
&lt;p&gt;The preview shows you a rendered HTML copy of the contents of the editor. Consequently, unlike &lt;em&gt;Knit&lt;/em&gt;, &lt;em&gt;Preview&lt;/em&gt; does not run any R code chunks. Instead, the output of the chunk when it was last run in the editor is displayed.&lt;/p&gt;
</description>
    </item>
    
  </channel>
</rss>
