<?xml version="1.0" encoding="utf-8" standalone="yes" ?>
<rss version="2.0" xmlns:atom="http://www.w3.org/2005/Atom">
  <channel>
    <title>Benders | Erick Jones</title>
    <link>/tag/benders/</link>
      <atom:link href="/tag/benders/index.xml" rel="self" type="application/rss+xml" />
    <description>Benders</description>
    <generator>Source Themes Academic (https://sourcethemes.com/academic/)</generator><language>en-us</language><copyright>&amp;copy Erick Jones {2020}</copyright><lastBuildDate>Fri, 10 Jan 2020 00:00:00 +0000</lastBuildDate>
    <image>
      <url>/images/icon_hu0b7a4cb9992c9ac0e91bd28ffd38dd00_9727_512x512_fill_lanczos_center_2.png</url>
      <title>Benders</title>
      <link>/tag/benders/</link>
    </image>
    
    <item>
      <title>Decompositions Algorithms Broken Down and Explained</title>
      <link>/post/orie/decompo_algs/</link>
      <pubDate>Fri, 10 Jan 2020 00:00:00 +0000</pubDate>
      <guid>/post/orie/decompo_algs/</guid>
      <description>
&lt;script src=&#34;/rmarkdown-libs/header-attrs/header-attrs.js&#34;&gt;&lt;/script&gt;


&lt;p&gt;This post explores how to use various decomposition techniques to solve LPs and MIPs.
I have written these using Gurobi as a solver and as the mathematical formulation software.
This is a reproducible example if you have R Studio just make sure you have installed the correct packages.&lt;/p&gt;
&lt;pre class=&#34;r&#34;&gt;&lt;code&gt;library(gurobi)&lt;/code&gt;&lt;/pre&gt;
&lt;pre&gt;&lt;code&gt;## Warning: package &amp;#39;gurobi&amp;#39; was built under R version 4.0.2&lt;/code&gt;&lt;/pre&gt;
&lt;pre class=&#34;r&#34;&gt;&lt;code&gt;library(tictoc)
library(Matrix)
library(ggplot2)&lt;/code&gt;&lt;/pre&gt;
&lt;pre&gt;&lt;code&gt;## Warning: package &amp;#39;ggplot2&amp;#39; was built under R version 4.0.2&lt;/code&gt;&lt;/pre&gt;
&lt;pre class=&#34;r&#34;&gt;&lt;code&gt;#Using homogenous equations to generate extreme points for (optimality) and extreme rays for (feasiblity)
#max 2x1 + x2 + 13x3 + 7y1 + 5y2
#s.t. 9x1+4x2+14x3+35y1+24y2 &amp;lt;= 80; -x1-2x2+3x3-3y1+4y2 &amp;lt;= 10
#x &amp;gt;=0, y&amp;gt;= 0, x is int

#RMP
#max z + 2x1 + x2 + 13x3
# z &amp;gt;= + (80-9x1-4x2-14x3)*u1 + (10+x1+2x2-3x3)*u2 u == 0 initial guess
u &amp;lt;- c(0,0)
RMP &amp;lt;- list()

RMP$A          &amp;lt;- matrix(c(1,(u[1]*9-u[2]),(u[1]*4-2*u[2]),(14*u[1]+3*u[2])), nrow=1, byrow=T)
RMP$obj        &amp;lt;- c(1,2,1,13)
RMP$modelsense &amp;lt;- &amp;#39;max&amp;#39;
RMP$rhs        &amp;lt;- c((80*u[1]+10*u[2]))
RMP$sense      &amp;lt;- c(&amp;#39;&amp;lt;&amp;#39;)
RMP$vtype      &amp;lt;- c(&amp;#39;C&amp;#39;,&amp;#39;I&amp;#39;,&amp;#39;I&amp;#39;,&amp;#39;I&amp;#39;)

result &amp;lt;- gurobi(RMP)&lt;/code&gt;&lt;/pre&gt;
&lt;pre&gt;&lt;code&gt;## Gurobi Optimizer version 9.0.3 build v9.0.3rc0 (win64)
## Optimize a model with 1 rows, 4 columns and 1 nonzeros
## Model fingerprint: 0x2e4b9afd
## Variable types: 1 continuous, 3 integer (0 binary)
## Coefficient statistics:
##   Matrix range     [1e+00, 1e+00]
##   Objective range  [1e+00, 1e+01]
##   Bounds range     [0e+00, 0e+00]
##   RHS range        [0e+00, 0e+00]
## Found heuristic solution: objective 1.600000e+31
## Presolve time: 0.00s
## 
## Explored 0 nodes (0 simplex iterations) in 0.00 seconds
## Thread count was 1 (of 8 available processors)
## 
## Solution count 1: 1.6e+31 
## No other solutions better than 0
## 
## Model is unbounded
## Warning: some integer variables take values larger than the maximum
##          supported value (2000000000)
## Best objective 1.600000000000e+31, best bound -, gap -&lt;/code&gt;&lt;/pre&gt;
&lt;pre class=&#34;r&#34;&gt;&lt;code&gt;UB &amp;lt;- result$objval
print(paste(&amp;#39;RMP Objective Value and New Upper bound:&amp;#39;, result$objval))&lt;/code&gt;&lt;/pre&gt;
&lt;pre&gt;&lt;code&gt;## [1] &amp;quot;RMP Objective Value and New Upper bound: 1.6e+31&amp;quot;&lt;/code&gt;&lt;/pre&gt;
&lt;pre class=&#34;r&#34;&gt;&lt;code&gt;print(paste(&amp;#39;Value of z:&amp;#39;, result$x[1]))&lt;/code&gt;&lt;/pre&gt;
&lt;pre&gt;&lt;code&gt;## [1] &amp;quot;Value of z: 0&amp;quot;&lt;/code&gt;&lt;/pre&gt;
&lt;pre class=&#34;r&#34;&gt;&lt;code&gt;x &amp;lt;- result$x[-1]
print(paste(&amp;#39;Value of x:&amp;#39;, t(as.matrix(x))))&lt;/code&gt;&lt;/pre&gt;
&lt;pre&gt;&lt;code&gt;## [1] &amp;quot;Value of x: 1e+30&amp;quot; &amp;quot;Value of x: 1e+30&amp;quot; &amp;quot;Value of x: 1e+30&amp;quot;&lt;/code&gt;&lt;/pre&gt;
&lt;pre class=&#34;r&#34;&gt;&lt;code&gt;if(result$status == &amp;quot;INF_OR_UNBD&amp;quot; | result$status == &amp;quot;UNBOUNDED&amp;quot;){
  UB &amp;lt;- 999999
  x &amp;lt;- c(0,0,0)
}

rm(result)

#Primal Subproblem
# 2x1 + x2 + 13x3 + max 7y1 + 5y2
#s.t. 35y1+24y2 &amp;lt;= 80-(9x1+4x2+14x3); -3y1+4y2 &amp;lt;= 10-(-x1-2x2+3x3)

LB &amp;lt;- -999999

LB_list &amp;lt;- LB
UB_list &amp;lt;- UB
x_list &amp;lt;- x
u_list &amp;lt;- u
y &amp;lt;- c(0,0)
y_list &amp;lt;- y

#Keeps adding Benders Cuts to Problem
while(LB != UB){

#Dual Subproblem
#min (80-(9x1+4x2+14x3))u1 + (10-(-x1-2x2+3x3))u2
#s.t. 35u1 -3u2 &amp;gt;= 7; 24u1+4u2 &amp;gt;= 5

DSB &amp;lt;- list()

DSB$A          &amp;lt;- matrix(c(35,-3,24,4), nrow=2, byrow=T)
DSB$obj        &amp;lt;- c((80-9*x[1]-4*x[2]-14*x[3]),(10+x[1]+2*x[2]-3*x[3]))
DSB$modelsense &amp;lt;- &amp;#39;min&amp;#39;
DSB$rhs        &amp;lt;- c(7,5)
DSB$sense      &amp;lt;- c(&amp;#39;&amp;gt;&amp;#39;, &amp;#39;&amp;gt;&amp;#39;)

result &amp;lt;- gurobi(DSB)

LB &amp;lt;- result$objval + 2 * x[1] + x[2] + 13*x[3]
print(paste(&amp;#39;DSB Objective Value and New Lower bound:&amp;#39;, LB))
u &amp;lt;- result$x
y &amp;lt;- result$pi
print(paste(&amp;#39;Value of u:&amp;#39;, u))
print(paste(&amp;#39;Value of y:&amp;#39;, y))



#add new constraint
#z &amp;gt;= u[1]*(3-y1) + u[2]*(4-3y1)
#z + (u[1]*y1) + u[2]*3y1 &amp;gt;= u[1]*3+u[2]*4

B &amp;lt;- matrix(c(1,(u[1]*9-u[2]),(u[1]*4-2*u[2]),(14*u[1]+3*u[2])), nrow=1, byrow=T)
b &amp;lt;- u[1]*80+u[2]*10

if(result$status == &amp;quot;INF_OR_UNBD&amp;quot; | result$status == &amp;#39;UNBOUNDED&amp;#39;){
  DSB$A &amp;lt;- rbind(DSB$A,c(1,1))
  DSB$rhs &amp;lt;- c(0,0,1)
  DSB$sense &amp;lt;- c(DSB$sense, &amp;#39;=&amp;#39;)
  result &amp;lt;- gurobi(DSB)
  u &amp;lt;- result$x
  LB &amp;lt;- LB_list[length(LB_list)]
  B &amp;lt;- matrix(c(0,(u[1]*9-u[2]),(u[1]*4-2*u[2]),(14*u[1]+3*u[2])), nrow=1, byrow=T)
  b &amp;lt;- u[1]*80+u[2]*10
  
  
}

u_list &amp;lt;- rbind(u_list,u)
y_list &amp;lt;- rbind(y_list,y)
LB_list &amp;lt;- c(LB_list, LB)

rm(result)


RMP$A &amp;lt;- rbind(RMP$A, B)
RMP$rhs &amp;lt;- c(RMP$rhs,b)
RMP$sense &amp;lt;- c(RMP$sense, &amp;#39;&amp;lt;&amp;#39;)


result &amp;lt;- gurobi(RMP)

UB &amp;lt;- result$objval
print(paste(&amp;#39;RMP Objective Value and New Upper bound:&amp;#39;, result$objval))
print(paste(&amp;#39;Value of z:&amp;#39;, result$x[1]))
x &amp;lt;- result$x[-1]
print(paste(&amp;#39;Value of x:&amp;#39;, t(as.matrix(x))))

if(result$status == &amp;quot;INF_OR_UNBD&amp;quot;){
  UB &amp;lt;- 999999
  x &amp;lt;- c(0,0,0)
}

UB_list &amp;lt;- c(UB_list, UB)
x_list &amp;lt;- rbind(x_list,x)
rm(result)

}&lt;/code&gt;&lt;/pre&gt;
&lt;pre&gt;&lt;code&gt;## Gurobi Optimizer version 9.0.3 build v9.0.3rc0 (win64)
## Optimize a model with 2 rows, 2 columns and 4 nonzeros
## Model fingerprint: 0xfecd2aa1
## Coefficient statistics:
##   Matrix range     [3e+00, 4e+01]
##   Objective range  [1e+01, 8e+01]
##   Bounds range     [0e+00, 0e+00]
##   RHS range        [5e+00, 7e+00]
## Presolve time: 0.00s
## Presolved: 2 rows, 2 columns, 4 nonzeros
## 
## Iteration    Objective       Primal Inf.    Dual Inf.      Time
##        0    0.0000000e+00   1.500000e+00   0.000000e+00      0s
##        2    1.6556604e+01   0.000000e+00   0.000000e+00      0s
## 
## Solved in 2 iterations and 0.00 seconds
## Optimal objective  1.655660377e+01
## [1] &amp;quot;DSB Objective Value and New Lower bound: 16.5566037735849&amp;quot;
## [1] &amp;quot;Value of u: 0.202830188679245&amp;quot;  &amp;quot;Value of u: 0.0330188679245282&amp;quot;
## [1] &amp;quot;Value of y: 0.377358490566038&amp;quot; &amp;quot;Value of y: 2.78301886792453&amp;quot; 
## Gurobi Optimizer version 9.0.3 build v9.0.3rc0 (win64)
## Optimize a model with 2 rows, 4 columns and 5 nonzeros
## Model fingerprint: 0xc19f21b7
## Variable types: 1 continuous, 3 integer (0 binary)
## Coefficient statistics:
##   Matrix range     [7e-01, 3e+00]
##   Objective range  [1e+00, 1e+01]
##   Bounds range     [0e+00, 0e+00]
##   RHS range        [2e+01, 2e+01]
## Found heuristic solution: objective 18.0000000
## Presolve removed 1 rows and 1 columns
## Presolve time: 0.00s
## Presolved: 1 rows, 3 columns, 3 nonzeros
## Variable types: 0 continuous, 3 integer (0 binary)
## 
## Root relaxation: objective 6.750000e+01, 1 iterations, 0.00 seconds
## 
##     Nodes    |    Current Node    |     Objective Bounds      |     Work
##  Expl Unexpl |  Obj  Depth IntInf | Incumbent    BestBd   Gap | It/Node Time
## 
##      0     0   67.50000    0    1   18.00000   67.50000   275%     -    0s
## H    0     0                      67.0000000   67.50000  0.75%     -    0s
##      0     0   67.50000    0    1   67.00000   67.50000  0.75%     -    0s
## 
## Explored 1 nodes (1 simplex iterations) in 0.00 seconds
## Thread count was 8 (of 8 available processors)
## 
## Solution count 2: 67 18 
## 
## Optimal solution found (tolerance 1.00e-04)
## Best objective 6.700000000000e+01, best bound 6.700000000000e+01, gap 0.0000%
## [1] &amp;quot;RMP Objective Value and New Upper bound: 67&amp;quot;
## [1] &amp;quot;Value of z: 0&amp;quot;
## [1] &amp;quot;Value of x: 0&amp;quot; &amp;quot;Value of x: 2&amp;quot; &amp;quot;Value of x: 5&amp;quot;
## Gurobi Optimizer version 9.0.3 build v9.0.3rc0 (win64)
## Optimize a model with 2 rows, 2 columns and 4 nonzeros
## Model fingerprint: 0xe467fd43
## Coefficient statistics:
##   Matrix range     [3e+00, 4e+01]
##   Objective range  [1e+00, 2e+00]
##   Bounds range     [0e+00, 0e+00]
##   RHS range        [5e+00, 7e+00]
## Presolve removed 2 rows and 2 columns
## Presolve time: 0.00s
## Presolve: All rows and columns removed
## Iteration    Objective       Primal Inf.    Dual Inf.      Time
##        0   -8.2857143e+29   0.000000e+00   1.657143e+00      0s
## Extra 2 simplex iterations after uncrush
## 
## Solved in 2 iterations and 0.00 seconds
## Unbounded model
## [1] &amp;quot;DSB Objective Value and New Lower bound: &amp;quot;
## [1] &amp;quot;Value of u: &amp;quot;
## [1] &amp;quot;Value of y: &amp;quot;
## Gurobi Optimizer version 9.0.3 build v9.0.3rc0 (win64)
## Optimize a model with 3 rows, 2 columns and 6 nonzeros
## Model fingerprint: 0x9e81c4c8
## Coefficient statistics:
##   Matrix range     [1e+00, 4e+01]
##   Objective range  [1e+00, 2e+00]
##   Bounds range     [0e+00, 0e+00]
##   RHS range        [1e+00, 1e+00]
## Presolve removed 3 rows and 2 columns
## Presolve time: 0.00s
## Presolve: All rows and columns removed
## Iteration    Objective       Primal Inf.    Dual Inf.      Time
##        0   -7.6315789e-01   0.000000e+00   0.000000e+00      0s
## 
## Solved in 0 iterations and 0.00 seconds
## Optimal objective -7.631578947e-01
## Gurobi Optimizer version 9.0.3 build v9.0.3rc0 (win64)
## Optimize a model with 3 rows, 4 columns and 8 nonzeros
## Model fingerprint: 0x49b3021e
## Variable types: 1 continuous, 3 integer (0 binary)
## Coefficient statistics:
##   Matrix range     [2e-01, 4e+00]
##   Objective range  [1e+00, 1e+01]
##   Bounds range     [0e+00, 0e+00]
##   RHS range        [2e+01, 2e+01]
## Found heuristic solution: objective 18.0000000
## Presolve removed 1 rows and 1 columns
## Presolve time: 0.00s
## Presolved: 2 rows, 3 columns, 6 nonzeros
## Variable types: 0 continuous, 3 integer (0 binary)
## 
## Root relaxation: objective 6.750000e+01, 1 iterations, 0.00 seconds
## 
##     Nodes    |    Current Node    |     Objective Bounds      |     Work
##  Expl Unexpl |  Obj  Depth IntInf | Incumbent    BestBd   Gap | It/Node Time
## 
##      0     0   67.50000    0    1   18.00000   67.50000   275%     -    0s
## H    0     0                      58.0000000   67.50000  16.4%     -    0s
## 
## Cutting planes:
##   Gomory: 1
##   MIR: 1
## 
## Explored 1 nodes (1 simplex iterations) in 0.00 seconds
## Thread count was 8 (of 8 available processors)
## 
## Solution count 2: 58 18 
## 
## Optimal solution found (tolerance 1.00e-04)
## Best objective 5.800000000000e+01, best bound 5.800000000000e+01, gap 0.0000%
## [1] &amp;quot;RMP Objective Value and New Upper bound: 58&amp;quot;
## [1] &amp;quot;Value of z: 0&amp;quot;
## [1] &amp;quot;Value of x: 1&amp;quot; &amp;quot;Value of x: 4&amp;quot; &amp;quot;Value of x: 4&amp;quot;
## Gurobi Optimizer version 9.0.3 build v9.0.3rc0 (win64)
## Optimize a model with 2 rows, 2 columns and 4 nonzeros
## Model fingerprint: 0xb674b004
## Coefficient statistics:
##   Matrix range     [3e+00, 4e+01]
##   Objective range  [1e+00, 7e+00]
##   Bounds range     [0e+00, 0e+00]
##   RHS range        [5e+00, 7e+00]
## Presolve time: 0.00s
## 
## Solved in 0 iterations and 0.00 seconds
## Infeasible or unbounded model
## [1] &amp;quot;DSB Objective Value and New Lower bound: &amp;quot;
## [1] &amp;quot;Value of u: &amp;quot;
## [1] &amp;quot;Value of y: &amp;quot;
## Gurobi Optimizer version 9.0.3 build v9.0.3rc0 (win64)
## Optimize a model with 3 rows, 2 columns and 6 nonzeros
## Model fingerprint: 0x56bfae6b
## Coefficient statistics:
##   Matrix range     [1e+00, 4e+01]
##   Objective range  [1e+00, 7e+00]
##   Bounds range     [0e+00, 0e+00]
##   RHS range        [1e+00, 1e+00]
## Presolve removed 3 rows and 2 columns
## Presolve time: 0.00s
## Presolve: All rows and columns removed
## Iteration    Objective       Primal Inf.    Dual Inf.      Time
##        0   -1.0000000e+00   0.000000e+00   0.000000e+00      0s
## 
## Solved in 0 iterations and 0.00 seconds
## Optimal objective -1.000000000e+00
## Gurobi Optimizer version 9.0.3 build v9.0.3rc0 (win64)
## Optimize a model with 4 rows, 4 columns and 11 nonzeros
## Model fingerprint: 0x671586c2
## Variable types: 1 continuous, 3 integer (0 binary)
## Coefficient statistics:
##   Matrix range     [2e-01, 1e+01]
##   Objective range  [1e+00, 1e+01]
##   Bounds range     [0e+00, 0e+00]
##   RHS range        [2e+01, 8e+01]
## Found heuristic solution: objective 18.0000000
## Presolve removed 1 rows and 1 columns
## Presolve time: 0.00s
## Presolved: 3 rows, 3 columns, 9 nonzeros
## Variable types: 0 continuous, 3 integer (0 binary)
## 
## Root relaxation: objective 6.750000e+01, 1 iterations, 0.00 seconds
## 
##     Nodes    |    Current Node    |     Objective Bounds      |     Work
##  Expl Unexpl |  Obj  Depth IntInf | Incumbent    BestBd   Gap | It/Node Time
## 
##      0     0   67.50000    0    1   18.00000   67.50000   275%     -    0s
## H    0     0                      57.0000000   67.50000  18.4%     -    0s
## H    0     0                      58.0000000   67.50000  16.4%     -    0s
## 
## Cutting planes:
##   Gomory: 1
##   MIR: 1
## 
## Explored 1 nodes (1 simplex iterations) in 0.00 seconds
## Thread count was 8 (of 8 available processors)
## 
## Solution count 3: 58 57 18 
## 
## Optimal solution found (tolerance 1.00e-04)
## Best objective 5.800000000000e+01, best bound 5.800000000000e+01, gap 0.0000%
## [1] &amp;quot;RMP Objective Value and New Upper bound: 58&amp;quot;
## [1] &amp;quot;Value of z: 0&amp;quot;
## [1] &amp;quot;Value of x: 0&amp;quot; &amp;quot;Value of x: 6&amp;quot; &amp;quot;Value of x: 4&amp;quot;
## Gurobi Optimizer version 9.0.3 build v9.0.3rc0 (win64)
## Optimize a model with 2 rows, 2 columns and 4 nonzeros
## Model fingerprint: 0x5530e933
## Coefficient statistics:
##   Matrix range     [3e+00, 4e+01]
##   Objective range  [1e+01, 1e+01]
##   Bounds range     [0e+00, 0e+00]
##   RHS range        [5e+00, 7e+00]
## Presolve removed 2 rows and 2 columns
## Presolve time: 0.00s
## Presolve: All rows and columns removed
## Iteration    Objective       Primal Inf.    Dual Inf.      Time
##        0    0.0000000e+00   0.000000e+00   0.000000e+00      0s
## 
## Solved in 0 iterations and 0.00 seconds
## Optimal objective  0.000000000e+00
## [1] &amp;quot;DSB Objective Value and New Lower bound: 58&amp;quot;
## [1] &amp;quot;Value of u: 0.208333333333333&amp;quot; &amp;quot;Value of u: 0&amp;quot;                
## [1] &amp;quot;Value of y: 0&amp;quot; &amp;quot;Value of y: 0&amp;quot;
## Gurobi Optimizer version 9.0.3 build v9.0.3rc0 (win64)
## Optimize a model with 5 rows, 4 columns and 15 nonzeros
## Model fingerprint: 0xd390add2
## Variable types: 1 continuous, 3 integer (0 binary)
## Coefficient statistics:
##   Matrix range     [2e-01, 1e+01]
##   Objective range  [1e+00, 1e+01]
##   Bounds range     [0e+00, 0e+00]
##   RHS range        [2e+01, 8e+01]
## Found heuristic solution: objective 18.0000000
## Presolve removed 2 rows and 1 columns
## Presolve time: 0.00s
## Presolved: 3 rows, 3 columns, 9 nonzeros
## Variable types: 0 continuous, 3 integer (0 binary)
## 
## Root relaxation: objective 6.750000e+01, 1 iterations, 0.00 seconds
## 
##     Nodes    |    Current Node    |     Objective Bounds      |     Work
##  Expl Unexpl |  Obj  Depth IntInf | Incumbent    BestBd   Gap | It/Node Time
## 
##      0     0   67.50000    0    1   18.00000   67.50000   275%     -    0s
## H    0     0                      57.0000000   67.50000  18.4%     -    0s
## H    0     0                      58.0000000   67.50000  16.4%     -    0s
## 
## Cutting planes:
##   Gomory: 1
##   MIR: 1
## 
## Explored 1 nodes (1 simplex iterations) in 0.00 seconds
## Thread count was 8 (of 8 available processors)
## 
## Solution count 3: 58 57 18 
## 
## Optimal solution found (tolerance 1.00e-04)
## Best objective 5.800000000000e+01, best bound 5.800000000000e+01, gap 0.0000%
## [1] &amp;quot;RMP Objective Value and New Upper bound: 58&amp;quot;
## [1] &amp;quot;Value of z: 0&amp;quot;
## [1] &amp;quot;Value of x: 0&amp;quot; &amp;quot;Value of x: 6&amp;quot; &amp;quot;Value of x: 4&amp;quot;&lt;/code&gt;&lt;/pre&gt;
&lt;pre class=&#34;r&#34;&gt;&lt;code&gt;LB_list&lt;/code&gt;&lt;/pre&gt;
&lt;pre&gt;&lt;code&gt;## [1] -999999.0000      16.5566      16.5566      16.5566      58.0000&lt;/code&gt;&lt;/pre&gt;
&lt;pre class=&#34;r&#34;&gt;&lt;code&gt;UB_list&lt;/code&gt;&lt;/pre&gt;
&lt;pre&gt;&lt;code&gt;## [1] 999999     67     58     58     58&lt;/code&gt;&lt;/pre&gt;
&lt;pre class=&#34;r&#34;&gt;&lt;code&gt;u_list&lt;/code&gt;&lt;/pre&gt;
&lt;pre&gt;&lt;code&gt;##              [,1]       [,2]
## u_list 0.00000000 0.00000000
## u      0.20283019 0.03301887
## u      0.07894737 0.92105263
## u      1.00000000 0.00000000
## u      0.20833333 0.00000000&lt;/code&gt;&lt;/pre&gt;
&lt;pre class=&#34;r&#34;&gt;&lt;code&gt;y_list&lt;/code&gt;&lt;/pre&gt;
&lt;pre&gt;&lt;code&gt;##             [,1]     [,2]
## y_list 0.0000000 0.000000
## y      0.3773585 2.783019
## y      0.0000000 0.000000&lt;/code&gt;&lt;/pre&gt;
&lt;pre class=&#34;r&#34;&gt;&lt;code&gt;x_list&lt;/code&gt;&lt;/pre&gt;
&lt;pre&gt;&lt;code&gt;##        [,1] [,2] [,3]
## x_list    0    0    0
## x         0    2    5
## x         1    4    4
## x         0    6    4
## x         0    6    4&lt;/code&gt;&lt;/pre&gt;
&lt;pre class=&#34;r&#34;&gt;&lt;code&gt;rm(b,B,DSB,LB,LB_list,RMP,u,u_list,UB,UB_list,x,x_list,y,y_list)&lt;/code&gt;&lt;/pre&gt;
&lt;pre class=&#34;r&#34;&gt;&lt;code&gt;#Column Generation Algorithm
#Cutting Stock Problem
#minimize number of rods used (x). Satisfy demand for 44 81 cm pieces, 3 70 cm pieces, and 48 68 cm pieces
#min x1 + x2 + x3
#s.t. x1 &amp;gt;= 44; x2 &amp;gt;=3; x3 &amp;gt;= 48
#x &amp;gt;=0,


LMP &amp;lt;- list()

LMP$A          &amp;lt;- matrix(c(1,0,0,
                           0,1,0,
                           0,0,1), nrow=3, byrow=T)
LMP$obj        &amp;lt;- c(1,1,1)
LMP$modelsense &amp;lt;- &amp;#39;min&amp;#39;
LMP$rhs        &amp;lt;- c(44,3,48)
LMP$sense      &amp;lt;- c(&amp;#39;&amp;gt;&amp;#39;)

result &amp;lt;- gurobi(LMP)&lt;/code&gt;&lt;/pre&gt;
&lt;pre&gt;&lt;code&gt;## Gurobi Optimizer version 9.0.3 build v9.0.3rc0 (win64)
## Optimize a model with 3 rows, 3 columns and 3 nonzeros
## Model fingerprint: 0xcd2bfab3
## Coefficient statistics:
##   Matrix range     [1e+00, 1e+00]
##   Objective range  [1e+00, 1e+00]
##   Bounds range     [0e+00, 0e+00]
##   RHS range        [3e+00, 5e+01]
## Presolve removed 3 rows and 3 columns
## Presolve time: 0.00s
## Presolve: All rows and columns removed
## Iteration    Objective       Primal Inf.    Dual Inf.      Time
##        0    9.5000000e+01   0.000000e+00   0.000000e+00      0s
## 
## Solved in 0 iterations and 0.00 seconds
## Optimal objective  9.500000000e+01&lt;/code&gt;&lt;/pre&gt;
&lt;pre class=&#34;r&#34;&gt;&lt;code&gt;k &amp;lt;- -1

while(k &amp;lt; 0){


KSP &amp;lt;- list()

KSP$A          &amp;lt;- matrix(c(81,70,68), nrow=1, byrow=T)
KSP$obj        &amp;lt;- result$pi
KSP$modelsense &amp;lt;- &amp;#39;max&amp;#39;
KSP$rhs        &amp;lt;- c(218)
KSP$sense      &amp;lt;- c(&amp;#39;&amp;lt;&amp;#39;)
KSP$vtype      &amp;lt;- c(&amp;#39;I&amp;#39;,&amp;#39;I&amp;#39;,&amp;#39;I&amp;#39;)

result &amp;lt;- gurobi(KSP)

k &amp;lt;- 1 - sum(result$x*KSP$obj)

B &amp;lt;- as.matrix(result$x)

LMP$A &amp;lt;- cbind(LMP$A,B)

LMP$obj &amp;lt;- c(LMP$obj,1)

result &amp;lt;- gurobi(LMP)

print(paste(&amp;#39;LMP Objective Value&amp;#39;, result$objval))

print(paste(&amp;#39;Sum of Reduced Cost:&amp;#39;, k))

print(LMP$A)

print(t(as.matrix(result$x)))

}&lt;/code&gt;&lt;/pre&gt;
&lt;pre&gt;&lt;code&gt;## Gurobi Optimizer version 9.0.3 build v9.0.3rc0 (win64)
## Optimize a model with 1 rows, 3 columns and 3 nonzeros
## Model fingerprint: 0x72f1e20f
## Variable types: 0 continuous, 3 integer (0 binary)
## Coefficient statistics:
##   Matrix range     [7e+01, 8e+01]
##   Objective range  [1e+00, 1e+00]
##   Bounds range     [0e+00, 0e+00]
##   RHS range        [2e+02, 2e+02]
## Found heuristic solution: objective 2.0000000
## Presolve removed 1 rows and 3 columns
## Presolve time: 0.00s
## Presolve: All rows and columns removed
## 
## Explored 0 nodes (0 simplex iterations) in 0.00 seconds
## Thread count was 1 (of 8 available processors)
## 
## Solution count 2: 3 
## 
## Optimal solution found (tolerance 1.00e-04)
## Best objective 3.000000000000e+00, best bound 3.000000000000e+00, gap 0.0000%
## Gurobi Optimizer version 9.0.3 build v9.0.3rc0 (win64)
## Optimize a model with 3 rows, 4 columns and 4 nonzeros
## Model fingerprint: 0x4bac7a68
## Coefficient statistics:
##   Matrix range     [1e+00, 3e+00]
##   Objective range  [1e+00, 1e+00]
##   Bounds range     [0e+00, 0e+00]
##   RHS range        [3e+00, 5e+01]
## Presolve removed 3 rows and 4 columns
## Presolve time: 0.00s
## Presolve: All rows and columns removed
## Iteration    Objective       Primal Inf.    Dual Inf.      Time
##        0    6.3000000e+01   0.000000e+00   0.000000e+00      0s
## 
## Solved in 0 iterations and 0.00 seconds
## Optimal objective  6.300000000e+01
## [1] &amp;quot;LMP Objective Value 63&amp;quot;
## [1] &amp;quot;Sum of Reduced Cost: -2&amp;quot;
##      [,1] [,2] [,3] [,4]
## [1,]    1    0    0    0
## [2,]    0    1    0    0
## [3,]    0    0    1    3
##      [,1] [,2] [,3] [,4]
## [1,]   44    3    0   16
## Gurobi Optimizer version 9.0.3 build v9.0.3rc0 (win64)
## Optimize a model with 1 rows, 3 columns and 3 nonzeros
## Model fingerprint: 0x5e04c92d
## Variable types: 0 continuous, 3 integer (0 binary)
## Coefficient statistics:
##   Matrix range     [7e+01, 8e+01]
##   Objective range  [3e-01, 1e+00]
##   Bounds range     [0e+00, 0e+00]
##   RHS range        [2e+02, 2e+02]
## Found heuristic solution: objective 2.0000000
## Presolve removed 1 rows and 3 columns
## Presolve time: 0.00s
## Presolve: All rows and columns removed
## 
## Explored 0 nodes (0 simplex iterations) in 0.00 seconds
## Thread count was 1 (of 8 available processors)
## 
## Solution count 2: 3 
## 
## Optimal solution found (tolerance 1.00e-04)
## Best objective 3.000000000000e+00, best bound 3.000000000000e+00, gap 0.0000%
## Gurobi Optimizer version 9.0.3 build v9.0.3rc0 (win64)
## Optimize a model with 3 rows, 5 columns and 5 nonzeros
## Model fingerprint: 0x46707112
## Coefficient statistics:
##   Matrix range     [1e+00, 3e+00]
##   Objective range  [1e+00, 1e+00]
##   Bounds range     [0e+00, 0e+00]
##   RHS range        [3e+00, 5e+01]
## Presolve removed 3 rows and 5 columns
## Presolve time: 0.00s
## Presolve: All rows and columns removed
## Iteration    Objective       Primal Inf.    Dual Inf.      Time
##        0    6.1000000e+01   0.000000e+00   0.000000e+00      0s
## 
## Solved in 0 iterations and 0.00 seconds
## Optimal objective  6.100000000e+01
## [1] &amp;quot;LMP Objective Value 61&amp;quot;
## [1] &amp;quot;Sum of Reduced Cost: -2&amp;quot;
##      [,1] [,2] [,3] [,4] [,5]
## [1,]    1    0    0    0    0
## [2,]    0    1    0    0    3
## [3,]    0    0    1    3    0
##      [,1] [,2] [,3] [,4] [,5]
## [1,]   44    0    0   16    1
## Gurobi Optimizer version 9.0.3 build v9.0.3rc0 (win64)
## Optimize a model with 1 rows, 3 columns and 3 nonzeros
## Model fingerprint: 0x76f224a3
## Variable types: 0 continuous, 3 integer (0 binary)
## Coefficient statistics:
##   Matrix range     [7e+01, 8e+01]
##   Objective range  [3e-01, 1e+00]
##   Bounds range     [0e+00, 0e+00]
##   RHS range        [2e+02, 2e+02]
## Found heuristic solution: objective 2.0000000
## Presolve removed 1 rows and 3 columns
## Presolve time: 0.00s
## Presolve: All rows and columns removed
## 
## Explored 0 nodes (0 simplex iterations) in 0.00 seconds
## Thread count was 1 (of 8 available processors)
## 
## Solution count 1: 2 
## 
## Optimal solution found (tolerance 1.00e-04)
## Best objective 2.000000000000e+00, best bound 2.000000000000e+00, gap 0.0000%
## Gurobi Optimizer version 9.0.3 build v9.0.3rc0 (win64)
## Optimize a model with 3 rows, 6 columns and 6 nonzeros
## Model fingerprint: 0x461ec1df
## Coefficient statistics:
##   Matrix range     [1e+00, 3e+00]
##   Objective range  [1e+00, 1e+00]
##   Bounds range     [0e+00, 0e+00]
##   RHS range        [3e+00, 5e+01]
## Presolve removed 3 rows and 6 columns
## Presolve time: 0.00s
## Presolve: All rows and columns removed
## Iteration    Objective       Primal Inf.    Dual Inf.      Time
##        0    3.9000000e+01   0.000000e+00   0.000000e+00      0s
## 
## Solved in 0 iterations and 0.00 seconds
## Optimal objective  3.900000000e+01
## [1] &amp;quot;LMP Objective Value 39&amp;quot;
## [1] &amp;quot;Sum of Reduced Cost: -1&amp;quot;
##      [,1] [,2] [,3] [,4] [,5] [,6]
## [1,]    1    0    0    0    0    2
## [2,]    0    1    0    0    3    0
## [3,]    0    0    1    3    0    0
##      [,1] [,2] [,3] [,4] [,5] [,6]
## [1,]    0    0    0   16    1   22
## Gurobi Optimizer version 9.0.3 build v9.0.3rc0 (win64)
## Optimize a model with 1 rows, 3 columns and 3 nonzeros
## Model fingerprint: 0x282e1563
## Variable types: 0 continuous, 3 integer (0 binary)
## Coefficient statistics:
##   Matrix range     [7e+01, 8e+01]
##   Objective range  [3e-01, 5e-01]
##   Bounds range     [0e+00, 0e+00]
##   RHS range        [2e+02, 2e+02]
## Found heuristic solution: objective 1.0000000
## Presolve removed 1 rows and 3 columns
## Presolve time: 0.00s
## Presolve: All rows and columns removed
## 
## Explored 0 nodes (0 simplex iterations) in 0.00 seconds
## Thread count was 1 (of 8 available processors)
## 
## Solution count 2: 1.16667 
## 
## Optimal solution found (tolerance 1.00e-04)
## Best objective 1.166666666667e+00, best bound 1.166666666667e+00, gap 0.0000%
## Gurobi Optimizer version 9.0.3 build v9.0.3rc0 (win64)
## Optimize a model with 3 rows, 7 columns and 8 nonzeros
## Model fingerprint: 0xaf053821
## Coefficient statistics:
##   Matrix range     [1e+00, 3e+00]
##   Objective range  [1e+00, 1e+00]
##   Bounds range     [0e+00, 0e+00]
##   RHS range        [3e+00, 5e+01]
## Presolve removed 1 rows and 4 columns
## Presolve time: 0.00s
## Presolved: 2 rows, 3 columns, 4 nonzeros
## 
## Iteration    Objective       Primal Inf.    Dual Inf.      Time
##        0    1.0000000e+00   3.400000e+01   0.000000e+00      0s
##        2    3.5000000e+01   0.000000e+00   0.000000e+00      0s
## 
## Solved in 2 iterations and 0.00 seconds
## Optimal objective  3.500000000e+01
## [1] &amp;quot;LMP Objective Value 35&amp;quot;
## [1] &amp;quot;Sum of Reduced Cost: -0.166666666666667&amp;quot;
##      [,1] [,2] [,3] [,4] [,5] [,6] [,7]
## [1,]    1    0    0    0    0    2    1
## [2,]    0    1    0    0    3    0    0
## [3,]    0    0    1    3    0    0    2
##      [,1] [,2] [,3] [,4] [,5] [,6] [,7]
## [1,]    0    0    0    0    1   10   24
## Gurobi Optimizer version 9.0.3 build v9.0.3rc0 (win64)
## Optimize a model with 1 rows, 3 columns and 3 nonzeros
## Model fingerprint: 0x4b9369e0
## Variable types: 0 continuous, 3 integer (0 binary)
## Coefficient statistics:
##   Matrix range     [7e+01, 8e+01]
##   Objective range  [3e-01, 5e-01]
##   Bounds range     [0e+00, 0e+00]
##   RHS range        [2e+02, 2e+02]
## Found heuristic solution: objective 1.0000000
## Presolve removed 1 rows and 3 columns
## Presolve time: 0.00s
## Presolve: All rows and columns removed
## 
## Explored 0 nodes (0 simplex iterations) in 0.00 seconds
## Thread count was 1 (of 8 available processors)
## 
## Solution count 1: 1 
## 
## Optimal solution found (tolerance 1.00e-04)
## Best objective 1.000000000000e+00, best bound 1.000000000000e+00, gap 0.0000%
## Gurobi Optimizer version 9.0.3 build v9.0.3rc0 (win64)
## Optimize a model with 3 rows, 8 columns and 9 nonzeros
## Model fingerprint: 0xebe33484
## Coefficient statistics:
##   Matrix range     [1e+00, 3e+00]
##   Objective range  [1e+00, 1e+00]
##   Bounds range     [0e+00, 0e+00]
##   RHS range        [3e+00, 5e+01]
## Presolve removed 1 rows and 5 columns
## Presolve time: 0.00s
## Presolved: 2 rows, 3 columns, 4 nonzeros
## 
## Iteration    Objective       Primal Inf.    Dual Inf.      Time
##        0    1.0000000e+00   3.400000e+01   0.000000e+00      0s
##        2    3.5000000e+01   0.000000e+00   0.000000e+00      0s
## 
## Solved in 2 iterations and 0.00 seconds
## Optimal objective  3.500000000e+01
## [1] &amp;quot;LMP Objective Value 35&amp;quot;
## [1] &amp;quot;Sum of Reduced Cost: 0&amp;quot;
##      [,1] [,2] [,3] [,4] [,5] [,6] [,7] [,8]
## [1,]    1    0    0    0    0    2    1    2
## [2,]    0    1    0    0    3    0    0    0
## [3,]    0    0    1    3    0    0    2    0
##      [,1] [,2] [,3] [,4] [,5] [,6] [,7] [,8]
## [1,]    0    0    0    0    1   10   24    0&lt;/code&gt;&lt;/pre&gt;
&lt;pre class=&#34;r&#34;&gt;&lt;code&gt;LMP$vtype      &amp;lt;- rep(&amp;#39;I&amp;#39;, ncol(LMP$A))

result &amp;lt;- gurobi(LMP)&lt;/code&gt;&lt;/pre&gt;
&lt;pre&gt;&lt;code&gt;## Gurobi Optimizer version 9.0.3 build v9.0.3rc0 (win64)
## Optimize a model with 3 rows, 8 columns and 9 nonzeros
## Model fingerprint: 0xe1a5582b
## Variable types: 0 continuous, 8 integer (0 binary)
## Coefficient statistics:
##   Matrix range     [1e+00, 3e+00]
##   Objective range  [1e+00, 1e+00]
##   Bounds range     [0e+00, 0e+00]
##   RHS range        [3e+00, 5e+01]
## Found heuristic solution: objective 35.0000000
## Presolve removed 1 rows and 5 columns
## Presolve time: 0.00s
## Presolved: 2 rows, 3 columns, 4 nonzeros
## Variable types: 0 continuous, 3 integer (0 binary)
## 
## Root relaxation: cutoff, 0 iterations, 0.00 seconds
## 
## Explored 0 nodes (0 simplex iterations) in 0.00 seconds
## Thread count was 8 (of 8 available processors)
## 
## Solution count 1: 35 
## 
## Optimal solution found (tolerance 1.00e-04)
## Best objective 3.500000000000e+01, best bound 3.500000000000e+01, gap 0.0000%&lt;/code&gt;&lt;/pre&gt;
&lt;pre class=&#34;r&#34;&gt;&lt;code&gt;print(paste(&amp;#39;Integer Objective Value&amp;#39;, result$objval))&lt;/code&gt;&lt;/pre&gt;
&lt;pre&gt;&lt;code&gt;## [1] &amp;quot;Integer Objective Value 35&amp;quot;&lt;/code&gt;&lt;/pre&gt;
&lt;pre class=&#34;r&#34;&gt;&lt;code&gt;LMP$A&lt;/code&gt;&lt;/pre&gt;
&lt;pre&gt;&lt;code&gt;##      [,1] [,2] [,3] [,4] [,5] [,6] [,7] [,8]
## [1,]    1    0    0    0    0    2    1    2
## [2,]    0    1    0    0    3    0    0    0
## [3,]    0    0    1    3    0    0    2    0&lt;/code&gt;&lt;/pre&gt;
&lt;pre class=&#34;r&#34;&gt;&lt;code&gt;t(as.matrix(result$x))&lt;/code&gt;&lt;/pre&gt;
&lt;pre&gt;&lt;code&gt;##      [,1] [,2] [,3] [,4] [,5] [,6] [,7] [,8]
## [1,]    0    0    0    0    1    0   24   10&lt;/code&gt;&lt;/pre&gt;
&lt;pre class=&#34;r&#34;&gt;&lt;code&gt;rm(B,k,KSP,LMP,result)&lt;/code&gt;&lt;/pre&gt;
&lt;p&gt;Add a new chunk by clicking the &lt;em&gt;Insert Chunk&lt;/em&gt; button on the toolbar or by pressing &lt;em&gt;Ctrl+Alt+I&lt;/em&gt;.&lt;/p&gt;
&lt;p&gt;When you save the notebook, an HTML file containing the code and output will be saved alongside it (click the &lt;em&gt;Preview&lt;/em&gt; button or press &lt;em&gt;Ctrl+Shift+K&lt;/em&gt; to preview the HTML file).&lt;/p&gt;
&lt;p&gt;The preview shows you a rendered HTML copy of the contents of the editor. Consequently, unlike &lt;em&gt;Knit&lt;/em&gt;, &lt;em&gt;Preview&lt;/em&gt; does not run any R code chunks. Instead, the output of the chunk when it was last run in the editor is displayed.&lt;/p&gt;
</description>
    </item>
    
    <item>
      <title>Benders Decomposition Algorithm Explained</title>
      <link>/post/orie/benders/</link>
      <pubDate>Thu, 09 Jan 2020 00:00:00 +0000</pubDate>
      <guid>/post/orie/benders/</guid>
      <description>
&lt;script src=&#34;/rmarkdown-libs/header-attrs/header-attrs.js&#34;&gt;&lt;/script&gt;


&lt;p&gt;This post explores how to use Benders Decomposition to solve LPs and MIPs.
I have written these using Gurobi as a solver and as the mathematical formulation software.
This is a reproducible example if you have R Studio just make sure you have installed the correct packages.&lt;/p&gt;
&lt;pre class=&#34;r&#34;&gt;&lt;code&gt;library(gurobi)&lt;/code&gt;&lt;/pre&gt;
&lt;pre&gt;&lt;code&gt;## Warning: package &amp;#39;gurobi&amp;#39; was built under R version 4.0.2&lt;/code&gt;&lt;/pre&gt;
&lt;pre class=&#34;r&#34;&gt;&lt;code&gt;library(lpSolveAPI)
library(tictoc)
library(Matrix)
library(ggplot2)&lt;/code&gt;&lt;/pre&gt;
&lt;pre&gt;&lt;code&gt;## Warning: package &amp;#39;ggplot2&amp;#39; was built under R version 4.0.2&lt;/code&gt;&lt;/pre&gt;
&lt;pre class=&#34;r&#34;&gt;&lt;code&gt;#library(matlib)
#library(MASS)&lt;/code&gt;&lt;/pre&gt;
&lt;pre class=&#34;r&#34;&gt;&lt;code&gt;#min 2x1 + 3x2 + 2y1
#s.t. x1+2x2+y1 &amp;gt;= 3; 2x1 - x2 + 3y1 &amp;gt;= 4
#x &amp;gt;=0, y&amp;gt;= 0, y is int

#RMP
#min z
# z &amp;gt;= 2y1 + (3 - 1y1)*u1 + (4-3y1)*u2 u == 0 initial guess
u &amp;lt;- c(0,0)
RMP &amp;lt;- list()

RMP$A          &amp;lt;- matrix(c(1,(u[1]+3*u[2])), nrow=1, byrow=T)
RMP$obj        &amp;lt;- c(1,2)
RMP$modelsense &amp;lt;- &amp;#39;min&amp;#39;
RMP$rhs        &amp;lt;- c((3*u[1]+4*u[2]))
RMP$sense      &amp;lt;- c(&amp;#39;&amp;gt;&amp;#39;)
RMP$vtype      &amp;lt;- c(&amp;#39;I&amp;#39;,&amp;#39;I&amp;#39;)

result &amp;lt;- gurobi(RMP)&lt;/code&gt;&lt;/pre&gt;
&lt;pre&gt;&lt;code&gt;## Gurobi Optimizer version 9.0.3 build v9.0.3rc0 (win64)
## Optimize a model with 1 rows, 2 columns and 1 nonzeros
## Model fingerprint: 0x4deba5e6
## Variable types: 0 continuous, 2 integer (0 binary)
## Coefficient statistics:
##   Matrix range     [1e+00, 1e+00]
##   Objective range  [1e+00, 2e+00]
##   Bounds range     [0e+00, 0e+00]
##   RHS range        [0e+00, 0e+00]
## Found heuristic solution: objective 0.0000000
## 
## Explored 0 nodes (0 simplex iterations) in 0.00 seconds
## Thread count was 1 (of 8 available processors)
## 
## Solution count 1: 0 
## 
## Optimal solution found (tolerance 1.00e-04)
## Best objective 0.000000000000e+00, best bound 0.000000000000e+00, gap 0.0000%&lt;/code&gt;&lt;/pre&gt;
&lt;pre class=&#34;r&#34;&gt;&lt;code&gt;LB &amp;lt;- result$objval
print(paste(&amp;#39;RMP Objective Value and New Lower bound:&amp;#39;, result$objval))&lt;/code&gt;&lt;/pre&gt;
&lt;pre&gt;&lt;code&gt;## [1] &amp;quot;RMP Objective Value and New Lower bound: 0&amp;quot;&lt;/code&gt;&lt;/pre&gt;
&lt;pre class=&#34;r&#34;&gt;&lt;code&gt;print(paste(&amp;#39;Value of z:&amp;#39;, result$x[1]))&lt;/code&gt;&lt;/pre&gt;
&lt;pre&gt;&lt;code&gt;## [1] &amp;quot;Value of z: 0&amp;quot;&lt;/code&gt;&lt;/pre&gt;
&lt;pre class=&#34;r&#34;&gt;&lt;code&gt;y_hat &amp;lt;- result$x[-1]
print(paste(&amp;#39;Value of y:&amp;#39;, y_hat))&lt;/code&gt;&lt;/pre&gt;
&lt;pre&gt;&lt;code&gt;## [1] &amp;quot;Value of y: 0&amp;quot;&lt;/code&gt;&lt;/pre&gt;
&lt;pre class=&#34;r&#34;&gt;&lt;code&gt;UB &amp;lt;- 9999999

#Primal Subproblem
#min 2y1_^ + min 2x1+3x2
#s.t. x1+2x2 &amp;gt;= 3 - y1_^; 2x1 - x2 &amp;gt;= 4 - 3y1_^


#Keeps adding Benders Cuts to Problem
#while(LB != UB){

#Dual Subproblem
#max (3-y1_^)u1 + (4-3y1_^)u2
#s.t. u1+2u2 &amp;lt;= 2; 2u1-u2 &amp;lt;= 3

DSB &amp;lt;- list()

DSB$A          &amp;lt;- matrix(c(1,2,2,-1), nrow=2, byrow=T)
DSB$obj        &amp;lt;- c((3-y_hat),(4-3*y_hat))
DSB$modelsense &amp;lt;- &amp;#39;max&amp;#39;
DSB$rhs        &amp;lt;- c(2,3)
DSB$sense      &amp;lt;- c(&amp;#39;&amp;lt;&amp;#39;, &amp;#39;&amp;lt;&amp;#39;)

result &amp;lt;- gurobi(DSB)&lt;/code&gt;&lt;/pre&gt;
&lt;pre&gt;&lt;code&gt;## Gurobi Optimizer version 9.0.3 build v9.0.3rc0 (win64)
## Optimize a model with 2 rows, 2 columns and 4 nonzeros
## Model fingerprint: 0x43e8db6d
## Coefficient statistics:
##   Matrix range     [1e+00, 2e+00]
##   Objective range  [3e+00, 4e+00]
##   Bounds range     [0e+00, 0e+00]
##   RHS range        [2e+00, 3e+00]
## Presolve removed 2 rows and 2 columns
## Presolve time: 0.00s
## Presolve: All rows and columns removed
## Iteration    Objective       Primal Inf.    Dual Inf.      Time
##        0    5.6000000e+00   0.000000e+00   0.000000e+00      0s
## 
## Solved in 0 iterations and 0.01 seconds
## Optimal objective  5.600000000e+00&lt;/code&gt;&lt;/pre&gt;
&lt;pre class=&#34;r&#34;&gt;&lt;code&gt;UB &amp;lt;- result$objval + 2 * sum(y_hat)
print(paste(&amp;#39;DSB Objective Value and New Upper bound:&amp;#39;, UB))&lt;/code&gt;&lt;/pre&gt;
&lt;pre&gt;&lt;code&gt;## [1] &amp;quot;DSB Objective Value and New Upper bound: 5.6&amp;quot;&lt;/code&gt;&lt;/pre&gt;
&lt;pre class=&#34;r&#34;&gt;&lt;code&gt;u &amp;lt;- result$x
print(paste(&amp;#39;Value of u:&amp;#39;, u))&lt;/code&gt;&lt;/pre&gt;
&lt;pre&gt;&lt;code&gt;## [1] &amp;quot;Value of u: 1.6&amp;quot; &amp;quot;Value of u: 0.2&amp;quot;&lt;/code&gt;&lt;/pre&gt;
&lt;pre class=&#34;r&#34;&gt;&lt;code&gt;#add new constraint
#z &amp;gt;= u[1]*(3-y1) + u[2]*(4-3y1)
#z + (u[1]*y1) + u[2]*3y1 &amp;gt;= u[1]*3+u[2]*4

B &amp;lt;- matrix(c(1,(u[1]+3*u[2])), nrow =1)
b &amp;lt;- u[1]*3+u[2]*4

RMP$A &amp;lt;- rbind(RMP$A, B)
RMP$rhs &amp;lt;- c(RMP$rhs,b)
RMP$sense &amp;lt;- c(RMP$sense, &amp;#39;&amp;gt;&amp;#39;)


result &amp;lt;- gurobi(RMP)&lt;/code&gt;&lt;/pre&gt;
&lt;pre&gt;&lt;code&gt;## Gurobi Optimizer version 9.0.3 build v9.0.3rc0 (win64)
## Optimize a model with 2 rows, 2 columns and 3 nonzeros
## Model fingerprint: 0x515bf67f
## Variable types: 0 continuous, 2 integer (0 binary)
## Coefficient statistics:
##   Matrix range     [1e+00, 2e+00]
##   Objective range  [1e+00, 2e+00]
##   Bounds range     [0e+00, 0e+00]
##   RHS range        [6e+00, 6e+00]
## Found heuristic solution: objective 6.0000000
## Presolve removed 2 rows and 2 columns
## Presolve time: 0.01s
## Presolve: All rows and columns removed
## 
## Explored 0 nodes (0 simplex iterations) in 0.01 seconds
## Thread count was 1 (of 8 available processors)
## 
## Solution count 1: 6 
## 
## Optimal solution found (tolerance 1.00e-04)
## Best objective 6.000000000000e+00, best bound 6.000000000000e+00, gap 0.0000%&lt;/code&gt;&lt;/pre&gt;
&lt;pre class=&#34;r&#34;&gt;&lt;code&gt;LB &amp;lt;- result$objval
print(paste(&amp;#39;RMP Objective Value and New Lower bound:&amp;#39;, result$objval))&lt;/code&gt;&lt;/pre&gt;
&lt;pre&gt;&lt;code&gt;## [1] &amp;quot;RMP Objective Value and New Lower bound: 6&amp;quot;&lt;/code&gt;&lt;/pre&gt;
&lt;pre class=&#34;r&#34;&gt;&lt;code&gt;print(paste(&amp;#39;Value of z:&amp;#39;, result$x[1]))&lt;/code&gt;&lt;/pre&gt;
&lt;pre&gt;&lt;code&gt;## [1] &amp;quot;Value of z: 6&amp;quot;&lt;/code&gt;&lt;/pre&gt;
&lt;pre class=&#34;r&#34;&gt;&lt;code&gt;y_hat &amp;lt;- result$x[-1]
print(paste(&amp;#39;Value of y:&amp;#39;, y_hat))&lt;/code&gt;&lt;/pre&gt;
&lt;pre&gt;&lt;code&gt;## [1] &amp;quot;Value of y: 0&amp;quot;&lt;/code&gt;&lt;/pre&gt;
&lt;pre class=&#34;r&#34;&gt;&lt;code&gt;#}

rm(result, LB, UB, y_hat, B, RMP, DSB)&lt;/code&gt;&lt;/pre&gt;
&lt;pre class=&#34;r&#34;&gt;&lt;code&gt;#Using homogenous equations to generate extreme points for (optimality) and extreme rays for (feasiblity)
#max 2x1 + x2 + 13x3 + 7y1 + 5y2
#s.t. 9x1+4x2+14x3+35y1+24y2 &amp;lt;= 80; -x1-2x2+3x3-3y1+4y2 &amp;lt;= 10
#x &amp;gt;=0, y&amp;gt;= 0, x is int

#RMP
#max z + 2x1 + x2 + 13x3
# z &amp;gt;= + (80-9x1-4x2-14x3)*u1 + (10+x1+2x2-3x3)*u2 u == 0 initial guess
u &amp;lt;- c(0,0)
RMP &amp;lt;- list()

RMP$A          &amp;lt;- matrix(c(1,(u[1]*9-u[2]),(u[1]*4-2*u[2]),(14*u[1]+3*u[2])), nrow=1, byrow=T)
RMP$obj        &amp;lt;- c(1,2,1,13)
RMP$modelsense &amp;lt;- &amp;#39;max&amp;#39;
RMP$rhs        &amp;lt;- c((80*u[1]+10*u[2]))
RMP$sense      &amp;lt;- c(&amp;#39;&amp;lt;&amp;#39;)
RMP$vtype      &amp;lt;- c(&amp;#39;C&amp;#39;,&amp;#39;I&amp;#39;,&amp;#39;I&amp;#39;,&amp;#39;I&amp;#39;)

result &amp;lt;- gurobi(RMP)&lt;/code&gt;&lt;/pre&gt;
&lt;pre&gt;&lt;code&gt;## Gurobi Optimizer version 9.0.3 build v9.0.3rc0 (win64)
## Optimize a model with 1 rows, 4 columns and 1 nonzeros
## Model fingerprint: 0x2e4b9afd
## Variable types: 1 continuous, 3 integer (0 binary)
## Coefficient statistics:
##   Matrix range     [1e+00, 1e+00]
##   Objective range  [1e+00, 1e+01]
##   Bounds range     [0e+00, 0e+00]
##   RHS range        [0e+00, 0e+00]
## Found heuristic solution: objective 1.600000e+31
## Presolve time: 0.00s
## 
## Explored 0 nodes (0 simplex iterations) in 0.00 seconds
## Thread count was 1 (of 8 available processors)
## 
## Solution count 1: 1.6e+31 
## No other solutions better than 0
## 
## Model is unbounded
## Warning: some integer variables take values larger than the maximum
##          supported value (2000000000)
## Best objective 1.600000000000e+31, best bound -, gap -&lt;/code&gt;&lt;/pre&gt;
&lt;pre class=&#34;r&#34;&gt;&lt;code&gt;UB &amp;lt;- result$objval
print(paste(&amp;#39;RMP Objective Value and New Upper bound:&amp;#39;, result$objval))&lt;/code&gt;&lt;/pre&gt;
&lt;pre&gt;&lt;code&gt;## [1] &amp;quot;RMP Objective Value and New Upper bound: 1.6e+31&amp;quot;&lt;/code&gt;&lt;/pre&gt;
&lt;pre class=&#34;r&#34;&gt;&lt;code&gt;print(paste(&amp;#39;Value of z:&amp;#39;, result$x[1]))&lt;/code&gt;&lt;/pre&gt;
&lt;pre&gt;&lt;code&gt;## [1] &amp;quot;Value of z: 0&amp;quot;&lt;/code&gt;&lt;/pre&gt;
&lt;pre class=&#34;r&#34;&gt;&lt;code&gt;x &amp;lt;- result$x[-1]
print(paste(&amp;#39;Value of x:&amp;#39;, x))&lt;/code&gt;&lt;/pre&gt;
&lt;pre&gt;&lt;code&gt;## [1] &amp;quot;Value of x: 1e+30&amp;quot; &amp;quot;Value of x: 1e+30&amp;quot; &amp;quot;Value of x: 1e+30&amp;quot;&lt;/code&gt;&lt;/pre&gt;
&lt;pre class=&#34;r&#34;&gt;&lt;code&gt;if(result$status == &amp;quot;INF_OR_UNBD&amp;quot; | result$status == &amp;quot;UNBOUNDED&amp;quot;){
  UB &amp;lt;- 999999
  x &amp;lt;- c(0,0,0)
}

rm(result)

#Primal Subproblem
# 2x1 + x2 + 13x3 + max 7y1 + 5y2
#s.t. 35y1+24y2 &amp;lt;= 80-(9x1+4x2+14x3); -3y1+4y2 &amp;lt;= 10-(-x1-2x2+3x3)

LB &amp;lt;- -999999

LB_list &amp;lt;- LB
UB_list &amp;lt;- UB
x_list &amp;lt;- x
u_list &amp;lt;- u

#Keeps adding Benders Cuts to Problem
while(LB != UB){

#Dual Subproblem
#min (80-(9x1+4x2+14x3))u1 + (10-(-x1-2x2+3x3))u2
#s.t. 35u1 -3u2 &amp;gt;= 7; 24u1+4u2 &amp;gt;= 5

DSB &amp;lt;- list()

DSB$A          &amp;lt;- matrix(c(35,-3,24,4), nrow=2, byrow=T)
DSB$obj        &amp;lt;- c((80-9*x[1]-4*x[2]-14*x[3]),(10+x[1]+2*x[2]-3*x[3]))
DSB$modelsense &amp;lt;- &amp;#39;min&amp;#39;
DSB$rhs        &amp;lt;- c(7,5)
DSB$sense      &amp;lt;- c(&amp;#39;&amp;gt;&amp;#39;, &amp;#39;&amp;gt;&amp;#39;)

result &amp;lt;- gurobi(DSB)

LB &amp;lt;- result$objval + 2 * x[1] + x[2] + 13*x[3]
print(paste(&amp;#39;DSB Objective Value and New Lower bound:&amp;#39;, LB))
u &amp;lt;- result$x
print(paste(&amp;#39;Value of u:&amp;#39;, u))



#add new constraint
#z &amp;gt;= u[1]*(3-y1) + u[2]*(4-3y1)
#z + (u[1]*y1) + u[2]*3y1 &amp;gt;= u[1]*3+u[2]*4

B &amp;lt;- matrix(c(1,(u[1]*9-u[2]),(u[1]*4-2*u[2]),(14*u[1]+3*u[2])), nrow=1, byrow=T)
b &amp;lt;- u[1]*80+u[2]*10

if(result$status == &amp;quot;INF_OR_UNBD&amp;quot; | result$status == &amp;#39;UNBOUNDED&amp;#39;){
  DSB$A &amp;lt;- rbind(DSB$A,c(1,1))
  DSB$rhs &amp;lt;- c(0,0,1)
  DSB$sense &amp;lt;- c(DSB$sense, &amp;#39;=&amp;#39;)
  result &amp;lt;- gurobi(DSB)
  u &amp;lt;- result$x
  LB &amp;lt;- LB_list[length(LB_list)]
  B &amp;lt;- matrix(c(0,(u[1]*9-u[2]),(u[1]*4-2*u[2]),(14*u[1]+3*u[2])), nrow=1, byrow=T)
  b &amp;lt;- u[1]*80+u[2]*10
  
  
}

u_list &amp;lt;- rbind(u_list,u)
LB_list &amp;lt;- c(LB_list, LB)

rm(result)


RMP$A &amp;lt;- rbind(RMP$A, B)
RMP$rhs &amp;lt;- c(RMP$rhs,b)
RMP$sense &amp;lt;- c(RMP$sense, &amp;#39;&amp;lt;&amp;#39;)


result &amp;lt;- gurobi(RMP)

UB &amp;lt;- result$objval
print(paste(&amp;#39;RMP Objective Value and New Upper bound:&amp;#39;, result$objval))
print(paste(&amp;#39;Value of z:&amp;#39;, result$x[1]))
x &amp;lt;- result$x[-1]
print(paste(&amp;#39;Value of x:&amp;#39;, x))

if(result$status == &amp;quot;INF_OR_UNBD&amp;quot;){
  UB &amp;lt;- 999999
  x &amp;lt;- c(0,0,0)
}

UB_list &amp;lt;- c(UB_list, UB)
x_list &amp;lt;- rbind(x_list,x)
rm(result)

}&lt;/code&gt;&lt;/pre&gt;
&lt;pre&gt;&lt;code&gt;## Gurobi Optimizer version 9.0.3 build v9.0.3rc0 (win64)
## Optimize a model with 2 rows, 2 columns and 4 nonzeros
## Model fingerprint: 0xfecd2aa1
## Coefficient statistics:
##   Matrix range     [3e+00, 4e+01]
##   Objective range  [1e+01, 8e+01]
##   Bounds range     [0e+00, 0e+00]
##   RHS range        [5e+00, 7e+00]
## Presolve time: 0.00s
## Presolved: 2 rows, 2 columns, 4 nonzeros
## 
## Iteration    Objective       Primal Inf.    Dual Inf.      Time
##        0    0.0000000e+00   1.500000e+00   0.000000e+00      0s
##        2    1.6556604e+01   0.000000e+00   0.000000e+00      0s
## 
## Solved in 2 iterations and 0.00 seconds
## Optimal objective  1.655660377e+01
## [1] &amp;quot;DSB Objective Value and New Lower bound: 16.5566037735849&amp;quot;
## [1] &amp;quot;Value of u: 0.202830188679245&amp;quot;  &amp;quot;Value of u: 0.0330188679245282&amp;quot;
## Gurobi Optimizer version 9.0.3 build v9.0.3rc0 (win64)
## Optimize a model with 2 rows, 4 columns and 5 nonzeros
## Model fingerprint: 0xc19f21b7
## Variable types: 1 continuous, 3 integer (0 binary)
## Coefficient statistics:
##   Matrix range     [7e-01, 3e+00]
##   Objective range  [1e+00, 1e+01]
##   Bounds range     [0e+00, 0e+00]
##   RHS range        [2e+01, 2e+01]
## Found heuristic solution: objective 18.0000000
## Presolve removed 1 rows and 1 columns
## Presolve time: 0.00s
## Presolved: 1 rows, 3 columns, 3 nonzeros
## Variable types: 0 continuous, 3 integer (0 binary)
## 
## Root relaxation: objective 6.750000e+01, 1 iterations, 0.00 seconds
## 
##     Nodes    |    Current Node    |     Objective Bounds      |     Work
##  Expl Unexpl |  Obj  Depth IntInf | Incumbent    BestBd   Gap | It/Node Time
## 
##      0     0   67.50000    0    1   18.00000   67.50000   275%     -    0s
## H    0     0                      67.0000000   67.50000  0.75%     -    0s
##      0     0   67.50000    0    1   67.00000   67.50000  0.75%     -    0s
## 
## Explored 1 nodes (1 simplex iterations) in 0.01 seconds
## Thread count was 8 (of 8 available processors)
## 
## Solution count 2: 67 18 
## 
## Optimal solution found (tolerance 1.00e-04)
## Best objective 6.700000000000e+01, best bound 6.700000000000e+01, gap 0.0000%
## [1] &amp;quot;RMP Objective Value and New Upper bound: 67&amp;quot;
## [1] &amp;quot;Value of z: 0&amp;quot;
## [1] &amp;quot;Value of x: 0&amp;quot; &amp;quot;Value of x: 2&amp;quot; &amp;quot;Value of x: 5&amp;quot;
## Gurobi Optimizer version 9.0.3 build v9.0.3rc0 (win64)
## Optimize a model with 2 rows, 2 columns and 4 nonzeros
## Model fingerprint: 0xe467fd43
## Coefficient statistics:
##   Matrix range     [3e+00, 4e+01]
##   Objective range  [1e+00, 2e+00]
##   Bounds range     [0e+00, 0e+00]
##   RHS range        [5e+00, 7e+00]
## Presolve removed 2 rows and 2 columns
## Presolve time: 0.00s
## Presolve: All rows and columns removed
## Iteration    Objective       Primal Inf.    Dual Inf.      Time
##        0   -8.2857143e+29   0.000000e+00   1.657143e+00      0s
## Extra 2 simplex iterations after uncrush
## 
## Solved in 2 iterations and 0.00 seconds
## Unbounded model
## [1] &amp;quot;DSB Objective Value and New Lower bound: &amp;quot;
## [1] &amp;quot;Value of u: &amp;quot;
## Gurobi Optimizer version 9.0.3 build v9.0.3rc0 (win64)
## Optimize a model with 3 rows, 2 columns and 6 nonzeros
## Model fingerprint: 0x9e81c4c8
## Coefficient statistics:
##   Matrix range     [1e+00, 4e+01]
##   Objective range  [1e+00, 2e+00]
##   Bounds range     [0e+00, 0e+00]
##   RHS range        [1e+00, 1e+00]
## Presolve removed 3 rows and 2 columns
## Presolve time: 0.00s
## Presolve: All rows and columns removed
## Iteration    Objective       Primal Inf.    Dual Inf.      Time
##        0   -7.6315789e-01   0.000000e+00   0.000000e+00      0s
## 
## Solved in 0 iterations and 0.00 seconds
## Optimal objective -7.631578947e-01
## Gurobi Optimizer version 9.0.3 build v9.0.3rc0 (win64)
## Optimize a model with 3 rows, 4 columns and 8 nonzeros
## Model fingerprint: 0x49b3021e
## Variable types: 1 continuous, 3 integer (0 binary)
## Coefficient statistics:
##   Matrix range     [2e-01, 4e+00]
##   Objective range  [1e+00, 1e+01]
##   Bounds range     [0e+00, 0e+00]
##   RHS range        [2e+01, 2e+01]
## Found heuristic solution: objective 18.0000000
## Presolve removed 1 rows and 1 columns
## Presolve time: 0.00s
## Presolved: 2 rows, 3 columns, 6 nonzeros
## Variable types: 0 continuous, 3 integer (0 binary)
## 
## Root relaxation: objective 6.750000e+01, 1 iterations, 0.00 seconds
## 
##     Nodes    |    Current Node    |     Objective Bounds      |     Work
##  Expl Unexpl |  Obj  Depth IntInf | Incumbent    BestBd   Gap | It/Node Time
## 
##      0     0   67.50000    0    1   18.00000   67.50000   275%     -    0s
## H    0     0                      58.0000000   67.50000  16.4%     -    0s
## 
## Cutting planes:
##   Gomory: 1
##   MIR: 1
## 
## Explored 1 nodes (1 simplex iterations) in 0.00 seconds
## Thread count was 8 (of 8 available processors)
## 
## Solution count 2: 58 18 
## 
## Optimal solution found (tolerance 1.00e-04)
## Best objective 5.800000000000e+01, best bound 5.800000000000e+01, gap 0.0000%
## [1] &amp;quot;RMP Objective Value and New Upper bound: 58&amp;quot;
## [1] &amp;quot;Value of z: 0&amp;quot;
## [1] &amp;quot;Value of x: 1&amp;quot; &amp;quot;Value of x: 4&amp;quot; &amp;quot;Value of x: 4&amp;quot;
## Gurobi Optimizer version 9.0.3 build v9.0.3rc0 (win64)
## Optimize a model with 2 rows, 2 columns and 4 nonzeros
## Model fingerprint: 0xb674b004
## Coefficient statistics:
##   Matrix range     [3e+00, 4e+01]
##   Objective range  [1e+00, 7e+00]
##   Bounds range     [0e+00, 0e+00]
##   RHS range        [5e+00, 7e+00]
## Presolve time: 0.00s
## 
## Solved in 0 iterations and 0.00 seconds
## Infeasible or unbounded model
## [1] &amp;quot;DSB Objective Value and New Lower bound: &amp;quot;
## [1] &amp;quot;Value of u: &amp;quot;
## Gurobi Optimizer version 9.0.3 build v9.0.3rc0 (win64)
## Optimize a model with 3 rows, 2 columns and 6 nonzeros
## Model fingerprint: 0x56bfae6b
## Coefficient statistics:
##   Matrix range     [1e+00, 4e+01]
##   Objective range  [1e+00, 7e+00]
##   Bounds range     [0e+00, 0e+00]
##   RHS range        [1e+00, 1e+00]
## Presolve removed 3 rows and 2 columns
## Presolve time: 0.00s
## Presolve: All rows and columns removed
## Iteration    Objective       Primal Inf.    Dual Inf.      Time
##        0   -1.0000000e+00   0.000000e+00   0.000000e+00      0s
## 
## Solved in 0 iterations and 0.00 seconds
## Optimal objective -1.000000000e+00
## Gurobi Optimizer version 9.0.3 build v9.0.3rc0 (win64)
## Optimize a model with 4 rows, 4 columns and 11 nonzeros
## Model fingerprint: 0x671586c2
## Variable types: 1 continuous, 3 integer (0 binary)
## Coefficient statistics:
##   Matrix range     [2e-01, 1e+01]
##   Objective range  [1e+00, 1e+01]
##   Bounds range     [0e+00, 0e+00]
##   RHS range        [2e+01, 8e+01]
## Found heuristic solution: objective 18.0000000
## Presolve removed 1 rows and 1 columns
## Presolve time: 0.00s
## Presolved: 3 rows, 3 columns, 9 nonzeros
## Variable types: 0 continuous, 3 integer (0 binary)
## 
## Root relaxation: objective 6.750000e+01, 1 iterations, 0.00 seconds
## 
##     Nodes    |    Current Node    |     Objective Bounds      |     Work
##  Expl Unexpl |  Obj  Depth IntInf | Incumbent    BestBd   Gap | It/Node Time
## 
##      0     0   67.50000    0    1   18.00000   67.50000   275%     -    0s
## H    0     0                      57.0000000   67.50000  18.4%     -    0s
## H    0     0                      58.0000000   67.50000  16.4%     -    0s
## 
## Cutting planes:
##   Gomory: 1
##   MIR: 1
## 
## Explored 1 nodes (1 simplex iterations) in 0.00 seconds
## Thread count was 8 (of 8 available processors)
## 
## Solution count 3: 58 57 18 
## 
## Optimal solution found (tolerance 1.00e-04)
## Best objective 5.800000000000e+01, best bound 5.800000000000e+01, gap 0.0000%
## [1] &amp;quot;RMP Objective Value and New Upper bound: 58&amp;quot;
## [1] &amp;quot;Value of z: 0&amp;quot;
## [1] &amp;quot;Value of x: 0&amp;quot; &amp;quot;Value of x: 6&amp;quot; &amp;quot;Value of x: 4&amp;quot;
## Gurobi Optimizer version 9.0.3 build v9.0.3rc0 (win64)
## Optimize a model with 2 rows, 2 columns and 4 nonzeros
## Model fingerprint: 0x5530e933
## Coefficient statistics:
##   Matrix range     [3e+00, 4e+01]
##   Objective range  [1e+01, 1e+01]
##   Bounds range     [0e+00, 0e+00]
##   RHS range        [5e+00, 7e+00]
## Presolve removed 2 rows and 2 columns
## Presolve time: 0.00s
## Presolve: All rows and columns removed
## Iteration    Objective       Primal Inf.    Dual Inf.      Time
##        0    0.0000000e+00   0.000000e+00   0.000000e+00      0s
## 
## Solved in 0 iterations and 0.00 seconds
## Optimal objective  0.000000000e+00
## [1] &amp;quot;DSB Objective Value and New Lower bound: 58&amp;quot;
## [1] &amp;quot;Value of u: 0.208333333333333&amp;quot; &amp;quot;Value of u: 0&amp;quot;                
## Gurobi Optimizer version 9.0.3 build v9.0.3rc0 (win64)
## Optimize a model with 5 rows, 4 columns and 15 nonzeros
## Model fingerprint: 0xd390add2
## Variable types: 1 continuous, 3 integer (0 binary)
## Coefficient statistics:
##   Matrix range     [2e-01, 1e+01]
##   Objective range  [1e+00, 1e+01]
##   Bounds range     [0e+00, 0e+00]
##   RHS range        [2e+01, 8e+01]
## Found heuristic solution: objective 18.0000000
## Presolve removed 2 rows and 1 columns
## Presolve time: 0.00s
## Presolved: 3 rows, 3 columns, 9 nonzeros
## Variable types: 0 continuous, 3 integer (0 binary)
## 
## Root relaxation: objective 6.750000e+01, 1 iterations, 0.00 seconds
## 
##     Nodes    |    Current Node    |     Objective Bounds      |     Work
##  Expl Unexpl |  Obj  Depth IntInf | Incumbent    BestBd   Gap | It/Node Time
## 
##      0     0   67.50000    0    1   18.00000   67.50000   275%     -    0s
## H    0     0                      57.0000000   67.50000  18.4%     -    0s
## H    0     0                      58.0000000   67.50000  16.4%     -    0s
## 
## Cutting planes:
##   Gomory: 1
##   MIR: 1
## 
## Explored 1 nodes (1 simplex iterations) in 0.00 seconds
## Thread count was 8 (of 8 available processors)
## 
## Solution count 3: 58 57 18 
## 
## Optimal solution found (tolerance 1.00e-04)
## Best objective 5.800000000000e+01, best bound 5.800000000000e+01, gap 0.0000%
## [1] &amp;quot;RMP Objective Value and New Upper bound: 58&amp;quot;
## [1] &amp;quot;Value of z: 0&amp;quot;
## [1] &amp;quot;Value of x: 0&amp;quot; &amp;quot;Value of x: 6&amp;quot; &amp;quot;Value of x: 4&amp;quot;&lt;/code&gt;&lt;/pre&gt;
&lt;pre class=&#34;r&#34;&gt;&lt;code&gt;#Column Generation Algorithm
#Cutting Stock Problem
#minimize number of rods used (x). Satisfy demand for 44 81 cm pieces, 3 70 cm pieces, and 48 68 cm pieces
#min x1 + x2 + x3
#s.t. x1 &amp;gt;= 44; x2 &amp;gt;=3; x3 &amp;gt;= 48
#x &amp;gt;=0,


LMP &amp;lt;- list()

LMP$A          &amp;lt;- matrix(c(1,0,0,
                           0,1,0,
                           0,0,1), nrow=3, byrow=T)
LMP$obj        &amp;lt;- c(1,1,1)
LMP$modelsense &amp;lt;- &amp;#39;min&amp;#39;
LMP$rhs        &amp;lt;- c(44,3,48)
LMP$sense      &amp;lt;- c(&amp;#39;&amp;gt;&amp;#39;)

result &amp;lt;- gurobi(LMP)&lt;/code&gt;&lt;/pre&gt;
&lt;pre&gt;&lt;code&gt;## Gurobi Optimizer version 9.0.3 build v9.0.3rc0 (win64)
## Optimize a model with 3 rows, 3 columns and 3 nonzeros
## Model fingerprint: 0xcd2bfab3
## Coefficient statistics:
##   Matrix range     [1e+00, 1e+00]
##   Objective range  [1e+00, 1e+00]
##   Bounds range     [0e+00, 0e+00]
##   RHS range        [3e+00, 5e+01]
## Presolve removed 3 rows and 3 columns
## Presolve time: 0.00s
## Presolve: All rows and columns removed
## Iteration    Objective       Primal Inf.    Dual Inf.      Time
##        0    9.5000000e+01   0.000000e+00   0.000000e+00      0s
## 
## Solved in 0 iterations and 0.00 seconds
## Optimal objective  9.500000000e+01&lt;/code&gt;&lt;/pre&gt;
&lt;pre class=&#34;r&#34;&gt;&lt;code&gt;k &amp;lt;- -1

while(k &amp;lt; 0){


KSP &amp;lt;- list()

KSP$A          &amp;lt;- matrix(c(81,70,68), nrow=1, byrow=T)
KSP$obj        &amp;lt;- result$pi
KSP$modelsense &amp;lt;- &amp;#39;max&amp;#39;
KSP$rhs        &amp;lt;- c(218)
KSP$sense      &amp;lt;- c(&amp;#39;&amp;lt;&amp;#39;)
KSP$vtype      &amp;lt;- c(&amp;#39;I&amp;#39;,&amp;#39;I&amp;#39;,&amp;#39;I&amp;#39;)

result &amp;lt;- gurobi(KSP)

k &amp;lt;- 1 - sum(result$x*KSP$obj)

B &amp;lt;- as.matrix(result$x)

LMP$A &amp;lt;- cbind(LMP$A,B)

LMP$obj &amp;lt;- c(LMP$obj,1)

result &amp;lt;- gurobi(LMP)

print(paste(&amp;#39;LMP Objective Value&amp;#39;, result$objval))

print(paste(&amp;#39;Sum of Reduced Cost:&amp;#39;, k))

print(LMP$A)

print(t(as.matrix(result$x)))

}&lt;/code&gt;&lt;/pre&gt;
&lt;pre&gt;&lt;code&gt;## Gurobi Optimizer version 9.0.3 build v9.0.3rc0 (win64)
## Optimize a model with 1 rows, 3 columns and 3 nonzeros
## Model fingerprint: 0x72f1e20f
## Variable types: 0 continuous, 3 integer (0 binary)
## Coefficient statistics:
##   Matrix range     [7e+01, 8e+01]
##   Objective range  [1e+00, 1e+00]
##   Bounds range     [0e+00, 0e+00]
##   RHS range        [2e+02, 2e+02]
## Found heuristic solution: objective 2.0000000
## Presolve removed 1 rows and 3 columns
## Presolve time: 0.00s
## Presolve: All rows and columns removed
## 
## Explored 0 nodes (0 simplex iterations) in 0.00 seconds
## Thread count was 1 (of 8 available processors)
## 
## Solution count 2: 3 
## 
## Optimal solution found (tolerance 1.00e-04)
## Best objective 3.000000000000e+00, best bound 3.000000000000e+00, gap 0.0000%
## Gurobi Optimizer version 9.0.3 build v9.0.3rc0 (win64)
## Optimize a model with 3 rows, 4 columns and 4 nonzeros
## Model fingerprint: 0x4bac7a68
## Coefficient statistics:
##   Matrix range     [1e+00, 3e+00]
##   Objective range  [1e+00, 1e+00]
##   Bounds range     [0e+00, 0e+00]
##   RHS range        [3e+00, 5e+01]
## Presolve removed 3 rows and 4 columns
## Presolve time: 0.00s
## Presolve: All rows and columns removed
## Iteration    Objective       Primal Inf.    Dual Inf.      Time
##        0    6.3000000e+01   0.000000e+00   0.000000e+00      0s
## 
## Solved in 0 iterations and 0.00 seconds
## Optimal objective  6.300000000e+01
## [1] &amp;quot;LMP Objective Value 63&amp;quot;
## [1] &amp;quot;Sum of Reduced Cost: -2&amp;quot;
##      [,1] [,2] [,3] [,4]
## [1,]    1    0    0    0
## [2,]    0    1    0    0
## [3,]    0    0    1    3
##      [,1] [,2] [,3] [,4]
## [1,]   44    3    0   16
## Gurobi Optimizer version 9.0.3 build v9.0.3rc0 (win64)
## Optimize a model with 1 rows, 3 columns and 3 nonzeros
## Model fingerprint: 0x5e04c92d
## Variable types: 0 continuous, 3 integer (0 binary)
## Coefficient statistics:
##   Matrix range     [7e+01, 8e+01]
##   Objective range  [3e-01, 1e+00]
##   Bounds range     [0e+00, 0e+00]
##   RHS range        [2e+02, 2e+02]
## Found heuristic solution: objective 2.0000000
## Presolve removed 1 rows and 3 columns
## Presolve time: 0.00s
## Presolve: All rows and columns removed
## 
## Explored 0 nodes (0 simplex iterations) in 0.00 seconds
## Thread count was 1 (of 8 available processors)
## 
## Solution count 2: 3 
## 
## Optimal solution found (tolerance 1.00e-04)
## Best objective 3.000000000000e+00, best bound 3.000000000000e+00, gap 0.0000%
## Gurobi Optimizer version 9.0.3 build v9.0.3rc0 (win64)
## Optimize a model with 3 rows, 5 columns and 5 nonzeros
## Model fingerprint: 0x46707112
## Coefficient statistics:
##   Matrix range     [1e+00, 3e+00]
##   Objective range  [1e+00, 1e+00]
##   Bounds range     [0e+00, 0e+00]
##   RHS range        [3e+00, 5e+01]
## Presolve removed 3 rows and 5 columns
## Presolve time: 0.00s
## Presolve: All rows and columns removed
## Iteration    Objective       Primal Inf.    Dual Inf.      Time
##        0    6.1000000e+01   0.000000e+00   0.000000e+00      0s
## 
## Solved in 0 iterations and 0.00 seconds
## Optimal objective  6.100000000e+01
## [1] &amp;quot;LMP Objective Value 61&amp;quot;
## [1] &amp;quot;Sum of Reduced Cost: -2&amp;quot;
##      [,1] [,2] [,3] [,4] [,5]
## [1,]    1    0    0    0    0
## [2,]    0    1    0    0    3
## [3,]    0    0    1    3    0
##      [,1] [,2] [,3] [,4] [,5]
## [1,]   44    0    0   16    1
## Gurobi Optimizer version 9.0.3 build v9.0.3rc0 (win64)
## Optimize a model with 1 rows, 3 columns and 3 nonzeros
## Model fingerprint: 0x76f224a3
## Variable types: 0 continuous, 3 integer (0 binary)
## Coefficient statistics:
##   Matrix range     [7e+01, 8e+01]
##   Objective range  [3e-01, 1e+00]
##   Bounds range     [0e+00, 0e+00]
##   RHS range        [2e+02, 2e+02]
## Found heuristic solution: objective 2.0000000
## Presolve removed 1 rows and 3 columns
## Presolve time: 0.00s
## Presolve: All rows and columns removed
## 
## Explored 0 nodes (0 simplex iterations) in 0.00 seconds
## Thread count was 1 (of 8 available processors)
## 
## Solution count 1: 2 
## 
## Optimal solution found (tolerance 1.00e-04)
## Best objective 2.000000000000e+00, best bound 2.000000000000e+00, gap 0.0000%
## Gurobi Optimizer version 9.0.3 build v9.0.3rc0 (win64)
## Optimize a model with 3 rows, 6 columns and 6 nonzeros
## Model fingerprint: 0x461ec1df
## Coefficient statistics:
##   Matrix range     [1e+00, 3e+00]
##   Objective range  [1e+00, 1e+00]
##   Bounds range     [0e+00, 0e+00]
##   RHS range        [3e+00, 5e+01]
## Presolve removed 3 rows and 6 columns
## Presolve time: 0.00s
## Presolve: All rows and columns removed
## Iteration    Objective       Primal Inf.    Dual Inf.      Time
##        0    3.9000000e+01   0.000000e+00   0.000000e+00      0s
## 
## Solved in 0 iterations and 0.00 seconds
## Optimal objective  3.900000000e+01
## [1] &amp;quot;LMP Objective Value 39&amp;quot;
## [1] &amp;quot;Sum of Reduced Cost: -1&amp;quot;
##      [,1] [,2] [,3] [,4] [,5] [,6]
## [1,]    1    0    0    0    0    2
## [2,]    0    1    0    0    3    0
## [3,]    0    0    1    3    0    0
##      [,1] [,2] [,3] [,4] [,5] [,6]
## [1,]    0    0    0   16    1   22
## Gurobi Optimizer version 9.0.3 build v9.0.3rc0 (win64)
## Optimize a model with 1 rows, 3 columns and 3 nonzeros
## Model fingerprint: 0x282e1563
## Variable types: 0 continuous, 3 integer (0 binary)
## Coefficient statistics:
##   Matrix range     [7e+01, 8e+01]
##   Objective range  [3e-01, 5e-01]
##   Bounds range     [0e+00, 0e+00]
##   RHS range        [2e+02, 2e+02]
## Found heuristic solution: objective 1.0000000
## Presolve removed 1 rows and 3 columns
## Presolve time: 0.00s
## Presolve: All rows and columns removed
## 
## Explored 0 nodes (0 simplex iterations) in 0.00 seconds
## Thread count was 1 (of 8 available processors)
## 
## Solution count 2: 1.16667 
## 
## Optimal solution found (tolerance 1.00e-04)
## Best objective 1.166666666667e+00, best bound 1.166666666667e+00, gap 0.0000%
## Gurobi Optimizer version 9.0.3 build v9.0.3rc0 (win64)
## Optimize a model with 3 rows, 7 columns and 8 nonzeros
## Model fingerprint: 0xaf053821
## Coefficient statistics:
##   Matrix range     [1e+00, 3e+00]
##   Objective range  [1e+00, 1e+00]
##   Bounds range     [0e+00, 0e+00]
##   RHS range        [3e+00, 5e+01]
## Presolve removed 1 rows and 4 columns
## Presolve time: 0.00s
## Presolved: 2 rows, 3 columns, 4 nonzeros
## 
## Iteration    Objective       Primal Inf.    Dual Inf.      Time
##        0    1.0000000e+00   3.400000e+01   0.000000e+00      0s
##        2    3.5000000e+01   0.000000e+00   0.000000e+00      0s
## 
## Solved in 2 iterations and 0.00 seconds
## Optimal objective  3.500000000e+01
## [1] &amp;quot;LMP Objective Value 35&amp;quot;
## [1] &amp;quot;Sum of Reduced Cost: -0.166666666666667&amp;quot;
##      [,1] [,2] [,3] [,4] [,5] [,6] [,7]
## [1,]    1    0    0    0    0    2    1
## [2,]    0    1    0    0    3    0    0
## [3,]    0    0    1    3    0    0    2
##      [,1] [,2] [,3] [,4] [,5] [,6] [,7]
## [1,]    0    0    0    0    1   10   24
## Gurobi Optimizer version 9.0.3 build v9.0.3rc0 (win64)
## Optimize a model with 1 rows, 3 columns and 3 nonzeros
## Model fingerprint: 0x4b9369e0
## Variable types: 0 continuous, 3 integer (0 binary)
## Coefficient statistics:
##   Matrix range     [7e+01, 8e+01]
##   Objective range  [3e-01, 5e-01]
##   Bounds range     [0e+00, 0e+00]
##   RHS range        [2e+02, 2e+02]
## Found heuristic solution: objective 1.0000000
## Presolve removed 1 rows and 3 columns
## Presolve time: 0.00s
## Presolve: All rows and columns removed
## 
## Explored 0 nodes (0 simplex iterations) in 0.00 seconds
## Thread count was 1 (of 8 available processors)
## 
## Solution count 1: 1 
## 
## Optimal solution found (tolerance 1.00e-04)
## Best objective 1.000000000000e+00, best bound 1.000000000000e+00, gap 0.0000%
## Gurobi Optimizer version 9.0.3 build v9.0.3rc0 (win64)
## Optimize a model with 3 rows, 8 columns and 9 nonzeros
## Model fingerprint: 0xebe33484
## Coefficient statistics:
##   Matrix range     [1e+00, 3e+00]
##   Objective range  [1e+00, 1e+00]
##   Bounds range     [0e+00, 0e+00]
##   RHS range        [3e+00, 5e+01]
## Presolve removed 1 rows and 5 columns
## Presolve time: 0.00s
## Presolved: 2 rows, 3 columns, 4 nonzeros
## 
## Iteration    Objective       Primal Inf.    Dual Inf.      Time
##        0    1.0000000e+00   3.400000e+01   0.000000e+00      0s
##        2    3.5000000e+01   0.000000e+00   0.000000e+00      0s
## 
## Solved in 2 iterations and 0.00 seconds
## Optimal objective  3.500000000e+01
## [1] &amp;quot;LMP Objective Value 35&amp;quot;
## [1] &amp;quot;Sum of Reduced Cost: 0&amp;quot;
##      [,1] [,2] [,3] [,4] [,5] [,6] [,7] [,8]
## [1,]    1    0    0    0    0    2    1    2
## [2,]    0    1    0    0    3    0    0    0
## [3,]    0    0    1    3    0    0    2    0
##      [,1] [,2] [,3] [,4] [,5] [,6] [,7] [,8]
## [1,]    0    0    0    0    1   10   24    0&lt;/code&gt;&lt;/pre&gt;
&lt;pre class=&#34;r&#34;&gt;&lt;code&gt;LMP$vtype      &amp;lt;- rep(&amp;#39;I&amp;#39;, ncol(LMP$A))

result &amp;lt;- gurobi(LMP)&lt;/code&gt;&lt;/pre&gt;
&lt;pre&gt;&lt;code&gt;## Gurobi Optimizer version 9.0.3 build v9.0.3rc0 (win64)
## Optimize a model with 3 rows, 8 columns and 9 nonzeros
## Model fingerprint: 0xe1a5582b
## Variable types: 0 continuous, 8 integer (0 binary)
## Coefficient statistics:
##   Matrix range     [1e+00, 3e+00]
##   Objective range  [1e+00, 1e+00]
##   Bounds range     [0e+00, 0e+00]
##   RHS range        [3e+00, 5e+01]
## Found heuristic solution: objective 35.0000000
## Presolve removed 1 rows and 5 columns
## Presolve time: 0.00s
## Presolved: 2 rows, 3 columns, 4 nonzeros
## Variable types: 0 continuous, 3 integer (0 binary)
## 
## Root relaxation: cutoff, 0 iterations, 0.00 seconds
## 
## Explored 0 nodes (0 simplex iterations) in 0.00 seconds
## Thread count was 8 (of 8 available processors)
## 
## Solution count 1: 35 
## 
## Optimal solution found (tolerance 1.00e-04)
## Best objective 3.500000000000e+01, best bound 3.500000000000e+01, gap 0.0000%&lt;/code&gt;&lt;/pre&gt;
&lt;pre class=&#34;r&#34;&gt;&lt;code&gt;print(paste(&amp;#39;Integer Objective Value&amp;#39;, result$objval))&lt;/code&gt;&lt;/pre&gt;
&lt;pre&gt;&lt;code&gt;## [1] &amp;quot;Integer Objective Value 35&amp;quot;&lt;/code&gt;&lt;/pre&gt;
&lt;pre class=&#34;r&#34;&gt;&lt;code&gt;LMP$A&lt;/code&gt;&lt;/pre&gt;
&lt;pre&gt;&lt;code&gt;##      [,1] [,2] [,3] [,4] [,5] [,6] [,7] [,8]
## [1,]    1    0    0    0    0    2    1    2
## [2,]    0    1    0    0    3    0    0    0
## [3,]    0    0    1    3    0    0    2    0&lt;/code&gt;&lt;/pre&gt;
&lt;pre class=&#34;r&#34;&gt;&lt;code&gt;t(as.matrix(result$x))&lt;/code&gt;&lt;/pre&gt;
&lt;pre&gt;&lt;code&gt;##      [,1] [,2] [,3] [,4] [,5] [,6] [,7] [,8]
## [1,]    0    0    0    0    1    0   24   10&lt;/code&gt;&lt;/pre&gt;
&lt;p&gt;Add a new chunk by clicking the &lt;em&gt;Insert Chunk&lt;/em&gt; button on the toolbar or by pressing &lt;em&gt;Ctrl+Alt+I&lt;/em&gt;.&lt;/p&gt;
&lt;p&gt;When you save the notebook, an HTML file containing the code and output will be saved alongside it (click the &lt;em&gt;Preview&lt;/em&gt; button or press &lt;em&gt;Ctrl+Shift+K&lt;/em&gt; to preview the HTML file).&lt;/p&gt;
&lt;p&gt;The preview shows you a rendered HTML copy of the contents of the editor. Consequently, unlike &lt;em&gt;Knit&lt;/em&gt;, &lt;em&gt;Preview&lt;/em&gt; does not run any R code chunks. Instead, the output of the chunk when it was last run in the editor is displayed.&lt;/p&gt;
</description>
    </item>
    
  </channel>
</rss>
