<?xml version="1.0" encoding="utf-8" standalone="yes"?>
<rss version="2.0" xmlns:atom="http://www.w3.org/2005/Atom">
  <channel>
    <title>Gurobi on Erick C. Jones Jr.</title>
    <link>/tags/gurobi/</link>
    <description>Recent content in Gurobi on Erick C. Jones Jr.</description>
    <generator>Hugo -- gohugo.io</generator>
    <language>en</language>
    <lastBuildDate>Sun, 05 Jan 2020 00:00:00 +0000</lastBuildDate><atom:link href="/tags/gurobi/index.xml" rel="self" type="application/rss+xml" />
    <item>
      <title>Gurobi Basic LP/MIP Examples</title>
      <link>/blog/orie/gurobi-examples/gurobi_examples/</link>
      <pubDate>Sun, 05 Jan 2020 00:00:00 +0000</pubDate>
      
      <guid>/blog/orie/gurobi-examples/gurobi_examples/</guid>
      <description>This post explores how to use Gurobi to solve LPs and MIPs. I have written these using Gurobi as a solver and as the mathematical formulation software. This is a reproducible example if you have R Studio just make sure you have installed the correct packages.
library(gurobi) ## Warning: package &amp;#39;slam&amp;#39; was built under R version 4.1.2 library(Matrix) This example formulates and solves the following simple LP model: \(max: x + 2y + 3z\)</description>
    </item>
    
  </channel>
</rss>
