<?xml version="1.0" encoding="utf-8" standalone="yes" ?>
<rss version="2.0" xmlns:atom="http://www.w3.org/2005/Atom">
  <channel>
    <title>Publication_types | Erick Jones</title>
    <link>/publication_types/</link>
      <atom:link href="/publication_types/index.xml" rel="self" type="application/rss+xml" />
    <description>Publication_types</description>
    <generator>Source Themes Academic (https://sourcethemes.com/academic/)</generator><language>en-us</language><copyright>&amp;copy Erick Jones {2020}</copyright><lastBuildDate>Sun, 13 Sep 2020 00:00:00 +0000</lastBuildDate>
    <image>
      <url>/images/icon_hu0b7a4cb9992c9ac0e91bd28ffd38dd00_9727_512x512_fill_lanczos_center_2.png</url>
      <title>Publication_types</title>
      <link>/publication_types/</link>
    </image>
    
  </channel>
</rss>
