<?xml version="1.0" encoding="utf-8" standalone="yes"?>
<rss version="2.0" xmlns:atom="http://www.w3.org/2005/Atom">
  <channel>
    <title>Slides on Erick C. Jones Jr.</title>
    <link>/slides/</link>
    <description>Recent content in Slides on Erick C. Jones Jr.</description>
    <generator>Hugo -- gohugo.io</generator>
    <language>en</language>
    <lastBuildDate>Tue, 05 Feb 2019 00:00:00 +0000</lastBuildDate><atom:link href="/slides/index.xml" rel="self" type="application/rss+xml" />
    <item>
      <title>Slides</title>
      <link>/slides/example/</link>
      <pubDate>Tue, 05 Feb 2019 00:00:00 +0000</pubDate>
      
      <guid>/slides/example/</guid>
      <description>An introduction to using Academic&amp;rsquo;s Slides feature.</description>
    </item>
    
  </channel>
</rss>
