<?xml version="1.0" encoding="utf-8" standalone="yes"?>
<rss version="2.0" xmlns:atom="http://www.w3.org/2005/Atom">
  <channel>
    <title>cities on Erick C. Jones Jr.</title>
    <link>/tags/cities/</link>
    <description>Recent content in cities on Erick C. Jones Jr.</description>
    <generator>Hugo -- gohugo.io</generator>
    <language>en</language>
    <lastBuildDate>Fri, 03 May 2019 00:00:00 +0000</lastBuildDate><atom:link href="/tags/cities/index.xml" rel="self" type="application/rss+xml" />
    <item>
      <title>Sim CCS City</title>
      <link>/blog/orie/sci-res-city/sci_res_city2/</link>
      <pubDate>Fri, 03 May 2019 00:00:00 +0000</pubDate>
      
      <guid>/blog/orie/sci-res-city/sci_res_city2/</guid>
      <description>Background I extended the work of (Wu and Plantinga 2003) using R and certain equation modififications to investigate how the addition of a light rail line would influence a city.
Cities have housed most of the human race since 2004 and as a result influence most of the individual, commercial, and industrial energy and GHG patterns. However, city designs, have placed amenities in isolated suburban pockets, the abundance of roads have encouraged sprawl, and zoning laws have discouraged density.</description>
    </item>
    
    <item>
      <title>Monocentric City Modeling</title>
      <link>/blog/orie/city-modeling/modeling_city/</link>
      <pubDate>Sun, 03 Mar 2019 00:00:00 +0000</pubDate>
      
      <guid>/blog/orie/city-modeling/modeling_city/</guid>
      <description>I extended the work of (Wu and Plantinga 2003) using R and certain equation modifications to investigate how the addition of a light rail line would influence a city.
Cities have housed most of the human race since 2004 and as a result influence most of the individual, commercial, and industrial energy and GHG patterns. However, city designs, have placed amenities in isolated suburban pockets, the abundance of roads have encouraged sprawl, and zoning laws have discouraged density.</description>
    </item>
    
    <item>
      <title>Austin Land Use</title>
      <link>/blog/class_projects/austin-land-use/austin-land-use/</link>
      <pubDate>Fri, 21 Sep 2018 00:00:00 +0000</pubDate>
      
      <guid>/blog/class_projects/austin-land-use/austin-land-use/</guid>
      <description>I compiled the land use of Austin by zoning and land use data. Furthermore, number of parking spaces and the square footage of those parking spaces by land use (single family homes, apartments and commercial buildings). Furthermore, I compared that square footage with the square footage actually in the buildings and the land area of the city of Austin. And then I used the building data I compiled to determine how much rooftop space Austin has and how much solar that could hold.</description>
    </item>
    
  </channel>
</rss>
