<?xml version="1.0" encoding="utf-8" standalone="yes"?>
<rss version="2.0" xmlns:atom="http://www.w3.org/2005/Atom">
  <channel>
    <title>Recent &amp; Upcoming Talks on Erick C. Jones Jr.</title>
    <link>/talk/</link>
    <description>Recent content in Recent &amp; Upcoming Talks on Erick C. Jones Jr.</description>
    <generator>Hugo -- gohugo.io</generator>
    <language>en</language>
    <lastBuildDate>Sat, 01 Jun 2030 13:00:00 +0000</lastBuildDate><atom:link href="/talk/index.xml" rel="self" type="application/rss+xml" />
    <item>
      <title>Example Talk</title>
      <link>/talk/example/</link>
      <pubDate>Sat, 01 Jun 2030 13:00:00 +0000</pubDate>
      
      <guid>/talk/example/</guid>
      <description>An example talk using Academic&amp;rsquo;s Markdown slides feature.</description>
    </item>
    
  </channel>
</rss>
