<?xml version="1.0" encoding="utf-8" standalone="yes" ?>
<rss version="2.0" xmlns:atom="http://www.w3.org/2005/Atom">
  <channel>
    <title>Gohar Azeem | Erick Jones</title>
    <link>/author/gohar-azeem/</link>
      <atom:link href="/author/gohar-azeem/index.xml" rel="self" type="application/rss+xml" />
    <description>Gohar Azeem</description>
    <generator>Source Themes Academic (https://sourcethemes.com/academic/)</generator><language>en-us</language><copyright>&amp;copy Erick Jones {2020}</copyright><lastBuildDate>Mon, 07 Sep 2020 00:00:00 +0000</lastBuildDate>
    <image>
      <url>/images/icon_hu0b7a4cb9992c9ac0e91bd28ffd38dd00_9727_512x512_fill_lanczos_center_2.png</url>
      <title>Gohar Azeem</title>
      <link>/author/gohar-azeem/</link>
    </image>
    
    <item>
      <title>Impacting at Risk Communities using AI to optimize the COVID-19 Pandemic Therapeutics Supply Chain</title>
      <link>/publication/impacting-at-risk-communities-using-ai-to-optimize-the-covid-19-pandemic-therapeutics-supply-chain/</link>
      <pubDate>Mon, 07 Sep 2020 00:00:00 +0000</pubDate>
      <guid>/publication/impacting-at-risk-communities-using-ai-to-optimize-the-covid-19-pandemic-therapeutics-supply-chain/</guid>
      <description>&lt;p&gt;Abstract:&lt;/p&gt;
&lt;p&gt;The Coronavirus disease 2019 (COVID-19) pandemic has impacted the global community like no other pandemic in history. The COVID-19 has progressed rapidly throughout United States. Vulnerable communities including the African American and other social communities have been particularly affected by the virus. As medicines are being developed as a possible cure and preventive medicines, the challenge is how to get these important medicines to the communities that are most at risk, especially in the under-represented minority (URM) community. This study aimed to create a supply chain that prioritizes geographic sections that house vulnerable communities to prevent and minimize the impacts of COVID-19.
We collaborated with the Houston Department of Health and Human Services to capture the data needed to model a community that has these challenges. We created a supply chain model for the city of Houston that prioritizes geographic sections in the city that house vulnerable communities. We defined the “COVID-19 Community Health Index” (C-19 CHI) which we used to parameterize the supply chain mixed integer program (MIP). The outcome of this study helped us in prioritizing those communities that need the medicinals the most. This information can be used in our healthcare supply chain model to ensure timely delivery of medicines and supplies to COVID-19 patients that are the most vulnerable and hence the overall impact of COVID-19 can be minimized.&lt;/p&gt;
&lt;p&gt;Keywords: COVID-19; Community Health Index; COVID; Community Mapping; Healthcare Supply Chain; Supply Chain Modeling; Underserved communities&lt;/p&gt;
</description>
    </item>
    
  </channel>
</rss>
