<?xml version="1.0" encoding="utf-8" standalone="yes"?>
<rss version="2.0" xmlns:atom="http://www.w3.org/2005/Atom">
  <channel>
    <title>Source Themes on Erick C. Jones Jr.</title>
    <link>/tags/source-themes/</link>
    <description>Recent content in Source Themes on Erick C. Jones Jr.</description>
    <generator>Hugo -- gohugo.io</generator>
    <language>en</language>
    <lastBuildDate>Mon, 07 Sep 2020 00:00:00 +0000</lastBuildDate><atom:link href="/tags/source-themes/index.xml" rel="self" type="application/rss+xml" />
    <item>
      <title>Impacting at Risk Communities using AI to optimize the COVID-19 Pandemic Therapeutics Supply Chain</title>
      <link>/publication/impacting-at-risk-communities-using-ai-to-optimize-the-covid-19-pandemic-therapeutics-supply-chain/</link>
      <pubDate>Mon, 07 Sep 2020 00:00:00 +0000</pubDate>
      
      <guid>/publication/impacting-at-risk-communities-using-ai-to-optimize-the-covid-19-pandemic-therapeutics-supply-chain/</guid>
      <description>Creates a COVID-19 supply chain for the city of Houston</description>
    </item>
    
    <item>
      <title>Contributions of shared autonomous vehicles to climate change mitigation</title>
      <link>/publication/contributions-of-shared-autonomous-vehicles-to-climate-change-mitigation/</link>
      <pubDate>Mon, 01 Jul 2019 00:00:00 +0000</pubDate>
      
      <guid>/publication/contributions-of-shared-autonomous-vehicles-to-climate-change-mitigation/</guid>
      <description>Looks into how an autonomous shared self driving pardigm could affect climate change.</description>
    </item>
    
  </channel>
</rss>
