<?xml version="1.0" encoding="utf-8" standalone="yes" ?>
<rss version="2.0" xmlns:atom="http://www.w3.org/2005/Atom">
  <channel>
    <title>Machine Learning | Erick Jones</title>
    <link>/tag/machine-learning/</link>
      <atom:link href="/tag/machine-learning/index.xml" rel="self" type="application/rss+xml" />
    <description>Machine Learning</description>
    <generator>Source Themes Academic (https://sourcethemes.com/academic/)</generator><language>en-us</language><copyright>&amp;copy Erick Jones {2020}</copyright><lastBuildDate>Sat, 21 Mar 2020 00:00:00 +0000</lastBuildDate>
    <image>
      <url>/images/icon_hu0b7a4cb9992c9ac0e91bd28ffd38dd00_9727_512x512_fill_lanczos_center_2.png</url>
      <title>Machine Learning</title>
      <link>/tag/machine-learning/</link>
    </image>
    
    <item>
      <title>Natural Language Processing - Sentiment Analysis</title>
      <link>/post/class_projects/sentimentanalysis/</link>
      <pubDate>Sat, 21 Mar 2020 00:00:00 +0000</pubDate>
      <guid>/post/class_projects/sentimentanalysis/</guid>
      <description>
&lt;script src=&#34;/rmarkdown-libs/header-attrs/header-attrs.js&#34;&gt;&lt;/script&gt;


&lt;p&gt;We investigated how different Natural Language Processing (NLP) techniques could be used to perform sentiment analysis on real user generated text data from the Sentiment140 dataset [1]. First we investigated an LSTM model before deciding on using the self-attention network code from [2] because of the possible speed and accuracy advantages. Our contributions included investigating how the training batch size and dropout rate affected the accuracy of the model and validating an existing model by reproducing it and using it with a different dataset. After tuning the model with a smaller version of the dataset we trained it on 160,000 tweets. When we tested our model on the test dataset, we achieved an accuracy around 80%.&lt;/p&gt;
&lt;p&gt;The code and final report are available on Github:&lt;/p&gt;
&lt;p&gt;&lt;a href=&#34;https://github.com/yamierick/sentiment-analysis&#34; class=&#34;uri&#34;&gt;https://github.com/yamierick/sentiment-analysis&lt;/a&gt;&lt;/p&gt;
&lt;p&gt;Key Image&lt;/p&gt;
&lt;div class=&#34;figure&#34;&gt;
&lt;img src=&#34;dropoutrate.png&#34; alt=&#34;&#34; /&gt;
&lt;p class=&#34;caption&#34;&gt;Comparison of test accuracy by dropout rat&lt;/p&gt;
&lt;/div&gt;
</description>
    </item>
    
  </channel>
</rss>
