<?xml version="1.0" encoding="utf-8" standalone="yes"?>
<rss version="2.0" xmlns:atom="http://www.w3.org/2005/Atom">
  <channel>
    <title>Overview on Hugo Apéro</title>
    <link>/courses/example/</link>
    <description>Recent content in Overview on Hugo Apéro</description>
    <generator>Hugo -- gohugo.io</generator>
    <language>en</language>
    <lastBuildDate>Sun, 09 Sep 2018 00:00:00 +0000</lastBuildDate><atom:link href="/courses/example/index.xml" rel="self" type="application/rss+xml" />
    <item>
      <title>Example Page 1</title>
      <link>/courses/example/example1/</link>
      <pubDate>Sun, 05 May 2019 00:00:00 +0100</pubDate>
      
      <guid>/courses/example/example1/</guid>
      <description>In this tutorial, I&amp;rsquo;ll share my top 10 tips for getting started with Academic:
Tip 1     Lorem ipsum dolor sit amet, consectetur adipiscing elit. Duis posuere tellus ac convallis placerat. Proin tincidunt magna sed ex sollicitudin condimentum. Sed ac faucibus dolor, scelerisque sollicitudin nisi. Cras purus urna, suscipit quis sapien eu, pulvinar tempor diam. Quisque risus orci, mollis id ante sit amet, gravida egestas nisl. Sed ac tempus magna.</description>
    </item>
    
    <item>
      <title>Example Page 2</title>
      <link>/courses/example/example2/</link>
      <pubDate>Sun, 05 May 2019 00:00:00 +0100</pubDate>
      
      <guid>/courses/example/example2/</guid>
      <description>Here are some more tips for getting started with Academic:
Tip 3     Lorem ipsum dolor sit amet, consectetur adipiscing elit. Duis posuere tellus ac convallis placerat. Proin tincidunt magna sed ex sollicitudin condimentum. Sed ac faucibus dolor, scelerisque sollicitudin nisi. Cras purus urna, suscipit quis sapien eu, pulvinar tempor diam. Quisque risus orci, mollis id ante sit amet, gravida egestas nisl. Sed ac tempus magna. Proin in dui enim.</description>
    </item>
    
  </channel>
</rss>
