<?xml version="1.0" encoding="utf-8" standalone="yes"?>
<rss version="2.0" xmlns:atom="http://www.w3.org/2005/Atom">
  <channel>
    <title>Stochastic Processes on Erick C. Jones Jr.</title>
    <link>/tags/stochastic-processes/</link>
    <description>Recent content in Stochastic Processes on Erick C. Jones Jr.</description>
    <generator>Hugo -- gohugo.io</generator>
    <language>en</language>
    <lastBuildDate>Sat, 04 Jan 2020 00:00:00 +0000</lastBuildDate><atom:link href="/tags/stochastic-processes/index.xml" rel="self" type="application/rss+xml" />
    <item>
      <title>Basics of Markov Chains</title>
      <link>/blog/orie/markov-chains/markovchains/</link>
      <pubDate>Sat, 04 Jan 2020 00:00:00 +0000</pubDate>
      
      <guid>/blog/orie/markov-chains/markovchains/</guid>
      <description>Background This post explores how to markov chains work and how to visulaize them in R. I use a R package specifically designed to visualize markov chains. I also represent these markov chains using tables. This is a reproducible example if you have R Studio just make sure you have installed the correct packages.
library(markovchain) ## Warning: package &amp;#39;markovchain&amp;#39; was built under R version 4.1.2 library(diagram) #Allows the use of exponential operators in matrix library(expm) ## Warning: package &amp;#39;expm&amp;#39; was built under R version 4.</description>
    </item>
    
  </channel>
</rss>
