<?xml version="1.0" encoding="utf-8" standalone="yes"?>
<rss version="2.0" xmlns:atom="http://www.w3.org/2005/Atom">
  <channel>
    <title>style on Hugo Apéro</title>
    <link>/tags/style/</link>
    <description>Recent content in style on Hugo Apéro</description>
    <generator>Hugo -- gohugo.io</generator>
    <language>en</language>
    <lastBuildDate>Wed, 27 Jan 2021 00:00:00 +0000</lastBuildDate><atom:link href="/tags/style/index.xml" rel="self" type="application/rss+xml" />
    <item>
      <title>Style your site colors</title>
      <link>/blog/color-themes/</link>
      <pubDate>Wed, 27 Jan 2021 00:00:00 +0000</pubDate>
      
      <guid>/blog/color-themes/</guid>
      <description>You can totally customize your site&amp;rsquo;s theme colors within minutes of creating a new site. Read on to find out how, and decide which of the three options meets your needs.
Use a color theme     Hugo Apéro includes 8 built-in color themes that work &amp;ldquo;out of the box.&amp;rdquo; This means you can use a color theme to quickly customize the look of your site without needing to write any CSS.</description>
    </item>
    
    <item>
      <title>Style your site typography</title>
      <link>/blog/fonts/</link>
      <pubDate>Wed, 27 Jan 2021 00:00:00 +0000</pubDate>
      
      <guid>/blog/fonts/</guid>
      <description>As with color themes, you can completely customize your site&amp;rsquo;s fonts within minutes of creating a new site. How you do it depends on how much control and customization you need.
Embedded fonts     Hugo Apéro includes 6 embedded fonts that work &amp;ldquo;out of the box.&amp;rdquo; We selected 3 serif and 3 sans-serif options that we thought looked good with this theme, in our humble opinions. All embedded fonts include real italics so you may emphasize to your heart&amp;rsquo;s content ❤️!</description>
    </item>
    
  </channel>
</rss>
